timestamp,open,high,low,close,volume
2026-09-27 18:00:00,6494.5,6495.75,6493.75,6494.75,843
2026-09-27 18:05:00,6494.75,6495.0,6494.25,6494.25,621
2026-09-27 18:10:00,6494.25,6494.25,6494.0,6494.0,714
2026-09-27 18:15:00,6494.0,6494.25,6491.5,6491.5,417
2026-09-27 18:20:00,6491.5,6493.5,6491.5,6493.25,843
2026-09-27 18:25:00,6493.25,6494.0,6491.25,6492.0,717
2026-09-27 18:30:00,6492.0,6493.75,6491.5,6493.25,495
2026-09-27 18:35:00,6493.25,6493.5,6491.5,6491.75,915
2026-09-27 18:40:00,6491.75,6492.25,6489.75,6490.5,828
2026-09-27 18:45:00,6490.5,6492.25,6489.25,6491.75,2031
2026-09-27 18:50:00,6491.75,6492.75,6491.25,6492.5,576
2026-09-27 18:55:00,6492.5,6492.75,6491.5,6492.25,555
2026-09-27 19:00:00,6492.25,6492.75,6490.25,6491.0,489
2026-09-27 19:05:00,6491.0,6491.25,6490.25,6491.0,714
2026-09-27 19:10:00,6491.0,6492.25,6488.5,6488.75,996
2026-09-27 19:15:00,6488.75,6489.75,6488.0,6489.5,633
2026-09-27 19:20:00,6489.5,6489.5,6487.5,6487.75,768
2026-09-27 19:25:00,6487.75,6487.75,6486.25,6486.75,855
2026-09-27 19:30:00,6486.75,6487.75,6483.0,6483.75,702
2026-09-27 19:35:00,6483.75,6484.0,6482.25,6482.75,465
2026-09-27 19:40:00,6482.75,6483.25,6482.0,6482.25,1098
2026-09-27 19:45:00,6482.25,6483.0,6482.0,6482.75,1008
2026-09-27 19:50:00,6482.75,6482.75,6482.5,6482.75,666
2026-09-27 19:55:00,6482.75,6483.25,6480.0,6480.5,792
2026-09-27 20:00:00,6480.5,6480.75,6479.25,6480.0,867
2026-09-27 20:05:00,6480.0,6480.75,6478.0,6478.25,465
2026-09-27 20:10:00,6478.25,6478.75,6476.25,6477.0,576
2026-09-27 20:15:00,6477.0,6479.0,6476.5,6478.0,285
2026-09-27 20:20:00,6478.0,6478.0,6477.5,6477.75,483
2026-09-27 20:25:00,6477.75,6481.0,6477.75,6480.75,720
2026-09-27 20:30:00,6480.75,6481.75,6480.25,6481.75,906
2026-09-27 20:35:00,6481.75,6483.0,6481.25,6481.5,873
2026-09-27 20:40:00,6481.5,6485.5,6481.0,6485.0,1713
2026-09-27 20:45:00,6485.0,6485.75,6484.5,6485.5,1098
2026-09-27 20:50:00,6485.5,6488.75,6484.75,6488.25,498
2026-09-27 20:55:00,6488.25,6489.75,6488.25,6489.5,1323
2026-09-27 21:00:00,6489.5,6490.0,6488.5,6489.0,876
2026-09-27 21:05:00,6489.0,6489.75,6487.0,6489.75,819
2026-09-27 21:10:00,6489.75,6491.75,6489.75,6491.5,723
2026-09-27 21:15:00,6491.5,6491.75,6490.5,6490.5,708
2026-09-27 21:20:00,6490.5,6492.5,6490.5,6492.5,738
2026-09-27 21:25:00,6492.5,6493.5,6492.25,6493.0,699
2026-09-27 21:30:00,6493.0,6494.25,6492.5,6493.75,687
2026-09-27 21:35:00,6493.75,6494.0,6490.5,6491.5,456
2026-09-27 21:40:00,6491.5,6492.75,6491.25,6492.5,768
2026-09-27 21:45:00,6492.5,6493.0,6490.5,6491.0,630
2026-09-27 21:50:00,6491.0,6492.5,6490.25,6491.5,1395
2026-09-27 21:55:00,6491.5,6492.0,6490.5,6490.75,1419
2026-09-27 22:00:00,6490.75,6491.0,6489.75,6490.5,456
2026-09-27 22:05:00,6490.5,6491.25,6490.0,6490.25,765
2026-09-27 22:10:00,6490.25,6490.5,6490.25,6490.25,717
2026-09-27 22:15:00,6490.25,6491.5,6489.5,6490.0,405
2026-09-27 22:20:00,6490.0,6491.0,6486.75,6487.0,693
2026-09-27 22:25:00,6487.0,6487.75,6484.25,6484.25,681
2026-09-27 22:30:00,6484.25,6485.25,6484.0,6485.25,642
2026-09-27 22:35:00,6485.25,6485.75,6483.5,6484.25,1005
2026-09-27 22:40:00,6484.25,6484.5,6482.25,6483.0,1542
2026-09-27 22:45:00,6483.0,6483.0,6482.0,6482.25,537
2026-09-27 22:50:00,6482.25,6482.5,6478.5,6479.0,921
2026-09-27 22:55:00,6479.0,6480.75,6478.5,6479.25,741
2026-09-27 23:00:00,6479.25,6479.75,6476.75,6477.5,690
2026-09-27 23:05:00,6477.5,6478.5,6477.25,6477.5,465
2026-09-27 23:10:00,6477.5,6478.75,6477.5,6478.25,723
2026-09-27 23:15:00,6478.25,6478.25,6475.25,6475.75,546
2026-09-27 23:20:00,6475.75,6476.75,6475.5,6476.75,600
2026-09-27 23:25:00,6476.75,6476.75,6476.25,6476.5,1173
2026-09-27 23:30:00,6476.5,6477.75,6476.0,6477.5,435
2026-09-27 23:35:00,6477.5,6477.75,6477.25,6477.5,243
2026-09-27 23:40:00,6477.5,6478.25,6477.25,6478.0,600
2026-09-27 23:45:00,6478.0,6478.5,6476.75,6478.5,963
2026-09-27 23:50:00,6478.5,6481.75,6478.0,6480.75,924
2026-09-27 23:55:00,6480.75,6481.0,6479.0,6479.0,480
2026-09-28 00:00:00,6479.0,6479.5,6477.0,6477.0,966
2026-09-28 00:05:00,6477.0,6477.25,6474.75,6475.5,513
2026-09-28 00:10:00,6475.5,6475.5,6473.25,6474.25,927
2026-09-28 00:15:00,6474.25,6475.0,6474.0,6474.5,921
2026-09-28 00:20:00,6474.5,6475.75,6472.5,6472.5,693
2026-09-28 00:25:00,6472.5,6472.75,6471.5,6471.75,834
2026-09-28 00:30:00,6471.75,6472.5,6469.75,6470.5,834
2026-09-28 00:35:00,6470.5,6470.75,6469.75,6470.0,483
2026-09-28 00:40:00,6470.0,6470.0,6468.75,6469.0,1203
2026-09-28 00:45:00,6469.0,6473.25,6468.5,6472.5,480
2026-09-28 00:50:00,6472.5,6474.25,6472.25,6473.25,1065
2026-09-28 00:55:00,6473.25,6475.5,6473.0,6475.0,876
2026-09-28 01:00:00,6475.0,6477.25,6474.5,6476.75,804
2026-09-28 01:05:00,6476.75,6477.25,6476.25,6476.5,1905
2026-09-28 01:10:00,6476.5,6477.0,6475.5,6475.75,1020
2026-09-28 01:15:00,6475.75,6477.75,6475.25,6476.75,351
2026-09-28 01:20:00,6476.75,6477.5,6476.75,6477.25,402
2026-09-28 01:25:00,6477.25,6478.75,6477.25,6478.0,699
2026-09-28 01:30:00,6478.0,6479.0,6478.0,6478.25,1035
2026-09-28 01:35:00,6478.25,6478.25,6477.25,6477.25,546
2026-09-28 01:40:00,6477.25,6477.75,6475.75,6476.75,633
2026-09-28 01:45:00,6476.75,6478.0,6475.25,6476.0,702
2026-09-28 01:50:00,6476.0,6476.0,6475.0,6475.75,1047
2026-09-28 01:55:00,6475.75,6476.5,6475.25,6476.0,828
2026-09-28 02:00:00,6476.0,6476.75,6475.5,6476.5,450
2026-09-28 02:05:00,6476.5,6477.25,6475.0,6475.5,456
2026-09-28 02:10:00,6475.5,6476.25,6472.75,6473.25,783
2026-09-28 02:15:00,6473.25,6474.0,6473.0,6473.5,1128
2026-09-28 02:20:00,6473.5,6474.25,6473.0,6473.5,483
2026-09-28 02:25:00,6473.5,6476.5,6473.25,6475.5,933
2026-09-28 02:30:00,6475.5,6480.25,6475.5,6479.75,834
2026-09-28 02:35:00,6479.75,6480.0,6478.75,6479.5,621
2026-09-28 02:40:00,6479.5,6481.75,6479.25,6480.75,813
2026-09-28 02:45:00,6480.75,6480.75,6478.5,6479.5,681
2026-09-28 02:50:00,6479.5,6481.5,6479.0,6480.5,459
2026-09-28 02:55:00,6480.5,6480.5,6480.0,6480.0,732
2026-09-28 03:00:00,6480.0,6481.0,6479.5,6480.5,1233
2026-09-28 03:05:00,6480.5,6482.25,6479.75,6481.75,348
2026-09-28 03:10:00,6481.75,6482.0,6480.25,6481.0,540
2026-09-28 03:15:00,6481.0,6481.5,6480.5,6481.0,684
2026-09-28 03:20:00,6481.0,6483.5,6481.0,6482.5,1659
2026-09-28 03:25:00,6482.5,6484.75,6482.0,6484.25,975
2026-09-28 03:30:00,6484.25,6486.5,6484.25,6486.25,783
2026-09-28 03:35:00,6486.25,6486.25,6486.25,6486.25,603
2026-09-28 03:40:00,6486.25,6487.5,6485.5,6487.25,513
2026-09-28 03:45:00,6487.25,6488.75,6486.75,6487.5,525
2026-09-28 03:50:00,6487.5,6488.25,6487.0,6487.75,594
2026-09-28 03:55:00,6487.75,6488.25,6486.5,6486.75,1098
2026-09-28 04:00:00,6486.75,6487.25,6485.25,6486.0,615
2026-09-28 04:05:00,6486.0,6487.25,6485.75,6486.0,765
2026-09-28 04:10:00,6486.0,6487.25,6484.75,6486.75,582
2026-09-28 04:15:00,6486.75,6487.25,6486.0,6487.0,843
2026-09-28 04:20:00,6487.0,6487.25,6486.25,6486.25,414
2026-09-28 04:25:00,6486.25,6486.5,6486.0,6486.25,957
2026-09-28 04:30:00,6486.25,6489.0,6486.25,6488.25,762
2026-09-28 04:35:00,6488.25,6488.75,6487.25,6487.75,630
2026-09-28 04:40:00,6487.75,6488.75,6487.75,6488.25,564
2026-09-28 04:45:00,6488.25,6490.75,6487.5,6490.5,510
2026-09-28 04:50:00,6490.5,6490.5,6487.25,6487.25,846
2026-09-28 04:55:00,6487.25,6487.5,6486.25,6486.75,813
2026-09-28 05:00:00,6486.75,6487.0,6484.75,6485.25,636
2026-09-28 05:05:00,6485.25,6485.75,6485.0,6485.0,612
2026-09-28 05:10:00,6485.0,6485.25,6484.5,6484.5,606
2026-09-28 05:15:00,6484.5,6486.25,6484.0,6486.25,1377
2026-09-28 05:20:00,6486.25,6487.75,6486.25,6487.75,642
2026-09-28 05:25:00,6487.75,6489.0,6486.75,6488.75,804
2026-09-28 05:30:00,6488.75,6488.75,6486.0,6486.5,825
2026-09-28 05:35:00,6486.5,6489.0,6486.5,6488.75,786
2026-09-28 05:40:00,6488.75,6489.25,6488.5,6489.0,573
2026-09-28 05:45:00,6489.0,6489.5,6485.75,6486.75,1164
2026-09-28 05:50:00,6486.75,6487.0,6486.25,6486.5,501
2026-09-28 05:55:00,6486.5,6488.5,6486.25,6488.0,435
2026-09-28 06:00:00,6488.0,6489.75,6487.5,6489.5,1347
2026-09-28 06:05:00,6489.5,6489.75,6488.5,6488.75,525
2026-09-28 06:10:00,6488.75,6489.75,6487.5,6489.5,534
2026-09-28 06:15:00,6489.5,6489.75,6487.0,6488.0,468
2026-09-28 06:20:00,6488.0,6489.5,6486.5,6489.25,921
2026-09-28 06:25:00,6489.25,6491.25,6488.75,6491.25,507
2026-09-28 06:30:00,6491.25,6491.5,6490.5,6491.25,1146
2026-09-28 06:35:00,6491.25,6492.25,6490.5,6492.0,996
2026-09-28 06:40:00,6492.0,6492.75,6491.0,6492.5,786
2026-09-28 06:45:00,6492.5,6492.75,6489.25,6489.5,1158
2026-09-28 06:50:00,6489.5,6490.25,6488.75,6489.0,1107
2026-09-28 06:55:00,6489.0,6489.25,6487.25,6487.25,624
2026-09-28 07:00:00,6487.25,6487.25,6484.25,6484.75,1074
2026-09-28 07:05:00,6484.75,6484.75,6483.75,6484.25,936
2026-09-28 07:10:00,6484.25,6485.25,6483.75,6485.0,945
2026-09-28 07:15:00,6485.0,6485.5,6484.75,6485.25,600
2026-09-28 07:20:00,6485.25,6486.5,6485.0,6486.5,852
2026-09-28 07:25:00,6486.5,6487.0,6486.0,6486.25,627
2026-09-28 07:30:00,6486.25,6487.5,6485.75,6486.5,402
2026-09-28 07:35:00,6486.5,6487.75,6485.25,6487.5,402
2026-09-28 07:40:00,6487.5,6488.0,6486.25,6486.25,642
2026-09-28 07:45:00,6486.25,6487.25,6485.25,6486.75,678
2026-09-28 07:50:00,6486.75,6487.0,6486.25,6486.75,735
2026-09-28 07:55:00,6486.75,6487.0,6486.25,6486.5,726
2026-09-28 08:00:00,6486.5,6487.5,6485.75,6487.0,846
2026-09-28 08:05:00,6487.0,6490.5,6486.25,6490.25,957
2026-09-28 08:10:00,6490.25,6493.75,6490.0,6493.0,459
2026-09-28 08:15:00,6493.0,6494.5,6492.25,6493.75,918
2026-09-28 08:20:00,6493.75,6495.75,6493.75,6495.75,648
2026-09-28 08:25:00,6495.75,6496.75,6494.5,6495.5,489
2026-09-28 08:30:00,6495.5,6496.25,6494.25,6495.5,696
2026-09-28 08:35:00,6495.5,6495.5,6495.0,6495.5,525
2026-09-28 08:40:00,6495.5,6496.25,6494.5,6495.0,1344
2026-09-28 08:45:00,6495.0,6495.5,6494.25,6495.25,993
2026-09-28 08:50:00,6495.25,6496.25,6494.75,6496.0,1062
2026-09-28 08:55:00,6496.0,6496.25,6493.0,6493.75,837
2026-09-28 09:00:00,6493.75,6494.0,6491.5,6491.75,741
2026-09-28 09:05:00,6491.75,6492.5,6491.5,6492.25,1026
2026-09-28 09:10:00,6492.25,6493.25,6492.0,6492.75,621
2026-09-28 09:15:00,6492.75,6493.25,6490.75,6491.0,855
2026-09-28 09:20:00,6491.0,6493.0,6490.75,6491.75,654
2026-09-28 09:25:00,6491.75,6492.25,6491.25,6492.0,318
2026-09-28 09:30:00,6492.0,6492.25,6490.75,6490.75,4002
2026-09-28 09:35:00,6490.75,6491.0,6488.25,6488.75,2820
2026-09-28 09:40:00,6488.75,6489.5,6486.75,6487.0,4443
2026-09-28 09:45:00,6487.0,6490.75,6485.25,6485.5,3807
2026-09-28 09:50:00,6485.5,6486.5,6483.75,6484.0,6531
2026-09-28 09:55:00,6484.0,6485.25,6483.0,6483.25,3507
2026-09-28 10:00:00,6483.25,6486.0,6482.75,6484.0,8766
2026-09-28 10:05:00,6484.0,6485.5,6477.5,6478.25,3024
2026-09-28 10:10:00,6478.25,6482.5,6476.25,6482.25,7953
2026-09-28 10:15:00,6482.25,6482.5,6481.5,6482.25,2880
2026-09-28 10:20:00,6482.25,6482.75,6477.75,6478.0,2610
2026-09-28 10:25:00,6478.0,6481.25,6475.25,6477.25,5112
2026-09-28 10:30:00,6477.25,6479.0,6477.0,6478.0,5631
2026-09-28 10:35:00,6478.0,6481.5,6477.5,6479.0,4662
2026-09-28 10:40:00,6479.0,6483.5,6478.25,6483.0,3153
2026-09-28 10:45:00,6483.0,6483.0,6481.5,6482.75,3960
2026-09-28 10:50:00,6482.75,6483.0,6478.5,6479.75,2589
2026-09-28 10:55:00,6479.75,6480.5,6474.0,6474.5,3795
2026-09-28 11:00:00,6474.5,6475.5,6473.0,6474.5,7671
2026-09-28 11:05:00,6474.5,6476.0,6473.25,6475.0,3171
2026-09-28 11:10:00,6475.0,6480.0,6474.75,6479.0,3282
2026-09-28 11:15:00,6479.0,6483.0,6477.75,6482.0,3327
2026-09-28 11:20:00,6482.0,6485.5,6481.0,6485.25,5988
2026-09-28 11:25:00,6485.25,6486.0,6483.25,6484.5,2655
2026-09-28 11:30:00,6484.5,6485.5,6483.5,6485.25,2241
2026-09-28 11:35:00,6485.25,6485.5,6484.0,6484.5,2658
2026-09-28 11:40:00,6484.5,6487.25,6484.0,6486.5,4170
2026-09-28 11:45:00,6486.5,6488.0,6486.25,6487.75,2160
2026-09-28 11:50:00,6487.75,6489.25,6487.75,6488.75,3699
2026-09-28 11:55:00,6488.75,6492.25,6488.25,6490.75,3483
2026-09-28 12:00:00,6490.75,6492.75,6490.0,6492.0,3063
2026-09-28 12:05:00,6492.0,6493.5,6488.75,6489.75,2361
2026-09-28 12:10:00,6489.75,6493.0,6489.25,6491.75,2511
2026-09-28 12:15:00,6491.75,6492.75,6491.0,6491.25,5388
2026-09-28 12:20:00,6491.25,6492.75,6491.0,6492.25,3288
2026-09-28 12:25:00,6492.25,6494.75,6490.5,6493.5,1911
2026-09-28 12:30:00,6493.5,6496.0,6492.5,6495.0,1797
2026-09-28 12:35:00,6495.0,6496.0,6487.5,6488.75,2229
2026-09-28 12:40:00,6488.75,6489.75,6487.75,6488.25,3741
2026-09-28 12:45:00,6488.25,6490.25,6487.5,6489.5,3678
2026-09-28 12:50:00,6489.5,6491.0,6486.25,6487.0,2640
2026-09-28 12:55:00,6487.0,6488.0,6486.0,6487.5,2304
2026-09-28 13:00:00,6487.5,6488.25,6487.25,6487.25,2334
2026-09-28 13:05:00,6487.25,6489.0,6487.25,6487.75,2910
2026-09-28 13:10:00,6487.75,6489.75,6487.25,6489.75,4431
2026-09-28 13:15:00,6489.75,6489.75,6488.75,6489.5,1323
2026-09-28 13:20:00,6489.5,6490.0,6487.75,6489.25,2916
2026-09-28 13:25:00,6489.25,6489.5,6485.5,6487.5,4044
2026-09-28 13:30:00,6487.5,6488.5,6484.75,6485.0,4845
2026-09-28 13:35:00,6485.0,6485.5,6483.75,6484.0,3459
2026-09-28 13:40:00,6484.0,6485.5,6482.75,6482.75,4254
2026-09-28 13:45:00,6482.75,6484.25,6482.75,6484.0,3768
2026-09-28 13:50:00,6484.0,6486.0,6480.25,6481.0,3396
2026-09-28 13:55:00,6481.0,6481.75,6480.75,6481.75,6330
2026-09-28 14:00:00,6481.75,6483.25,6481.5,6482.75,7089
2026-09-28 14:05:00,6482.75,6484.5,6480.0,6483.5,8931
2026-09-28 14:10:00,6483.5,6487.25,6481.75,6486.25,3816
2026-09-28 14:15:00,6486.25,6488.0,6485.0,6488.0,4758
2026-09-28 14:20:00,6488.0,6490.75,6487.75,6490.0,3540
2026-09-28 14:25:00,6490.0,6495.5,6489.5,6494.5,6858
2026-09-28 14:30:00,6494.5,6498.25,6494.25,6497.5,5055
2026-09-28 14:35:00,6497.5,6499.25,6497.0,6498.0,3828
2026-09-28 14:40:00,6498.0,6500.25,6498.0,6500.0,4779
2026-09-28 14:45:00,6500.0,6501.75,6500.0,6500.75,3048
2026-09-28 14:50:00,6500.75,6500.75,6497.5,6498.0,3828
2026-09-28 14:55:00,6498.0,6499.25,6497.5,6498.25,5208
2026-09-28 15:00:00,6498.25,6499.25,6492.75,6493.75,5688
2026-09-28 15:05:00,6493.75,6500.25,6493.5,6495.5,5757
2026-09-28 15:10:00,6495.5,6498.0,6491.0,6494.25,4428
2026-09-28 15:15:00,6494.25,6495.25,6490.75,6491.0,3147
2026-09-28 15:20:00,6491.0,6493.75,6489.75,6493.25,3237
2026-09-28 15:25:00,6493.25,6493.5,6487.75,6489.25,5895
2026-09-28 15:30:00,6489.25,6491.5,6488.0,6490.0,4179
2026-09-28 15:35:00,6490.0,6490.25,6487.5,6487.75,4725
2026-09-28 15:40:00,6487.75,6492.75,6487.75,6490.5,6669
2026-09-28 15:45:00,6490.5,6493.75,6490.0,6493.5,2745
2026-09-28 15:50:00,6493.5,6494.25,6493.0,6494.25,3945
2026-09-28 15:55:00,6494.25,6498.0,6494.25,6495.5,4719
2026-09-28 16:00:00,6495.5,6498.5,6495.25,6497.5,399
2026-09-28 16:05:00,6497.5,6498.0,6496.0,6496.75,588
2026-09-28 16:10:00,6496.75,6496.75,6495.75,6496.25,678
2026-09-28 16:15:00,6496.25,6496.25,6494.25,6495.75,855
2026-09-28 16:20:00,6495.75,6496.0,6494.75,6495.0,471
2026-09-28 16:25:00,6495.0,6496.5,6495.0,6496.5,1074
2026-09-28 16:30:00,6496.5,6498.0,6496.5,6498.0,774
2026-09-28 16:35:00,6498.0,6498.5,6497.5,6497.75,855
2026-09-28 16:40:00,6497.75,6498.5,6494.5,6495.0,528
2026-09-28 16:45:00,6495.0,6495.5,6493.5,6493.75,336
2026-09-28 16:50:00,6493.75,6495.25,6493.75,6494.75,486
2026-09-28 16:55:00,6494.75,6495.5,6493.0,6493.25,486
2026-09-28 18:00:00,6493.25,6494.75,6492.5,6494.5,774
2026-09-28 18:05:00,6494.5,6494.75,6494.5,6494.5,693
2026-09-28 18:10:00,6494.5,6494.5,6493.0,6494.0,423
2026-09-28 18:15:00,6494.0,6496.0,6493.25,6495.25,384
2026-09-28 18:20:00,6495.25,6495.25,6493.75,6494.5,483
2026-09-28 18:25:00,6494.5,6497.25,6494.0,6496.5,543
2026-09-28 18:30:00,6496.5,6498.0,6495.25,6497.75,891
2026-09-28 18:35:00,6497.75,6498.25,6497.25,6498.0,1014
2026-09-28 18:40:00,6498.0,6499.0,6497.75,6497.75,453
2026-09-28 18:45:00,6497.75,6498.75,6497.5,6498.5,1374
2026-09-28 18:50:00,6498.5,6500.0,6497.25,6497.5,1014
2026-09-28 18:55:00,6497.5,6497.75,6496.25,6496.25,531
2026-09-28 19:00:00,6496.25,6496.5,6495.75,6496.25,459
2026-09-28 19:05:00,6496.25,6496.5,6494.25,6495.0,309
2026-09-28 19:10:00,6495.0,6497.0,6494.5,6496.5,732
2026-09-28 19:15:00,6496.5,6497.25,6495.75,6496.0,1221
2026-09-28 19:20:00,6496.0,6496.25,6495.5,6496.0,621
2026-09-28 19:25:00,6496.0,6496.25,6495.25,6495.5,495
2026-09-28 19:30:00,6495.5,6497.25,6495.25,6497.0,486
2026-09-28 19:35:00,6497.0,6499.0,6496.5,6498.75,870
2026-09-28 19:40:00,6498.75,6500.75,6498.25,6500.5,600
2026-09-28 19:45:00,6500.5,6501.0,6500.25,6500.25,414
2026-09-28 19:50:00,6500.25,6500.75,6499.75,6500.5,372
2026-09-28 19:55:00,6500.5,6501.0,6500.25,6500.5,888
2026-09-28 20:00:00,6500.5,6501.0,6498.75,6499.25,603
2026-09-28 20:05:00,6499.25,6499.25,6498.25,6498.75,618
2026-09-28 20:10:00,6498.75,6499.0,6498.0,6498.5,657
2026-09-28 20:15:00,6498.5,6499.5,6497.75,6499.25,831
2026-09-28 20:20:00,6499.25,6500.0,6495.0,6495.75,657
2026-09-28 20:25:00,6495.75,6497.5,6495.0,6497.0,417
2026-09-28 20:30:00,6497.0,6497.5,6496.5,6497.25,522
2026-09-28 20:35:00,6497.25,6497.75,6495.75,6496.0,636
2026-09-28 20:40:00,6496.0,6498.5,6495.75,6498.0,939
2026-09-28 20:45:00,6498.0,6499.0,6497.5,6498.25,507
2026-09-28 20:50:00,6498.25,6499.25,6496.5,6496.75,960
2026-09-28 20:55:00,6496.75,6499.5,6496.0,6499.25,789
2026-09-28 21:00:00,6499.25,6500.0,6496.25,6497.25,489
2026-09-28 21:05:00,6497.25,6498.0,6496.75,6497.75,648
2026-09-28 21:10:00,6497.75,6498.25,6497.75,6498.25,984
2026-09-28 21:15:00,6498.25,6500.5,6497.5,6500.5,993
2026-09-28 21:20:00,6500.5,6502.25,6500.0,6502.0,1971
2026-09-28 21:25:00,6502.0,6502.5,6501.75,6502.25,777
2026-09-28 21:30:00,6502.25,6502.5,6499.5,6500.0,666
2026-09-28 21:35:00,6500.0,6500.0,6497.25,6497.75,405
2026-09-28 21:40:00,6497.75,6498.75,6497.0,6497.75,495
2026-09-28 21:45:00,6497.75,6498.0,6494.75,6496.0,480
2026-09-28 21:50:00,6496.0,6496.0,6495.5,6495.5,552
2026-09-28 21:55:00,6495.5,6497.25,6495.0,6497.25,885
2026-09-28 22:00:00,6497.25,6498.5,6496.75,6498.25,834
2026-09-28 22:05:00,6498.25,6499.0,6498.25,6498.75,729
2026-09-28 22:10:00,6498.75,6499.0,6497.0,6497.25,834
2026-09-28 22:15:00,6497.25,6497.75,6493.75,6494.0,636
2026-09-28 22:20:00,6494.0,6494.75,6493.5,6493.75,954
2026-09-28 22:25:00,6493.75,6495.75,6493.25,6495.25,735
2026-09-28 22:30:00,6495.25,6495.5,6494.0,6494.5,591
2026-09-28 22:35:00,6494.5,6494.75,6492.25,6493.0,642
2026-09-28 22:40:00,6493.0,6496.75,6492.5,6496.25,753
2026-09-28 22:45:00,6496.25,6497.5,6494.25,6494.5,1071
2026-09-28 22:50:00,6494.5,6495.25,6494.0,6494.0,411
2026-09-28 22:55:00,6494.0,6496.0,6493.75,6496.0,684
2026-09-28 23:00:00,6496.0,6496.25,6495.0,6495.25,975
2026-09-28 23:05:00,6495.25,6495.5,6494.75,6495.0,366
2026-09-28 23:10:00,6495.0,6496.0,6494.75,6496.0,519
2026-09-28 23:15:00,6496.0,6496.0,6493.0,6493.5,510
2026-09-28 23:20:00,6493.5,6493.75,6492.25,6492.25,456
2026-09-28 23:25:00,6492.25,6494.25,6491.5,6494.0,546
2026-09-28 23:30:00,6494.0,6494.5,6493.0,6494.25,672
2026-09-28 23:35:00,6494.25,6494.5,6493.75,6493.75,555
2026-09-28 23:40:00,6493.75,6494.25,6492.5,6493.25,699
2026-09-28 23:45:00,6493.25,6496.25,6491.75,6495.5,1248
2026-09-28 23:50:00,6495.5,6496.5,6493.0,6494.5,651
2026-09-28 23:55:00,6494.5,6495.75,6493.0,6493.25,1299
2026-09-29 00:00:00,6493.25,6493.5,6492.25,6493.25,951
2026-09-29 00:05:00,6493.25,6494.0,6492.5,6492.5,1047
2026-09-29 00:10:00,6492.5,6492.75,6491.5,6491.75,1149
2026-09-29 00:15:00,6491.75,6491.75,6491.25,6491.25,525
2026-09-29 00:20:00,6491.25,6492.5,6490.0,6490.5,1236
2026-09-29 00:25:00,6490.5,6492.0,6490.0,6491.75,486
2026-09-29 00:30:00,6491.75,6493.75,6491.25,6493.5,891
2026-09-29 00:35:00,6493.5,6495.5,6493.25,6495.0,561
2026-09-29 00:40:00,6495.0,6495.0,6493.25,6493.75,900
2026-09-29 00:45:00,6493.75,6494.5,6492.5,6492.5,1332
2026-09-29 00:50:00,6492.5,6493.25,6490.75,6491.25,795
2026-09-29 00:55:00,6491.25,6491.25,6490.5,6490.5,660
2026-09-29 01:00:00,6490.5,6491.0,6487.75,6487.75,690
2026-09-29 01:05:00,6487.75,6488.0,6484.75,6484.75,564
2026-09-29 01:10:00,6484.75,6485.5,6480.5,6481.25,834
2026-09-29 01:15:00,6481.25,6482.0,6480.0,6480.5,654
2026-09-29 01:20:00,6480.5,6481.25,6479.0,6479.25,693
2026-09-29 01:25:00,6479.25,6482.5,6478.75,6481.5,654
2026-09-29 01:30:00,6481.5,6483.0,6481.25,6483.0,1524
2026-09-29 01:35:00,6483.0,6484.5,6482.5,6484.5,687
2026-09-29 01:40:00,6484.5,6486.25,6484.25,6486.0,597
2026-09-29 01:45:00,6486.0,6486.5,6484.5,6485.0,606
2026-09-29 01:50:00,6485.0,6486.5,6484.5,6485.75,639
2026-09-29 01:55:00,6485.75,6487.25,6485.75,6486.75,672
2026-09-29 02:00:00,6486.75,6487.25,6486.5,6487.0,480
2026-09-29 02:05:00,6487.0,6488.0,6486.0,6487.5,576
2026-09-29 02:10:00,6487.5,6491.25,6487.0,6490.75,564
2026-09-29 02:15:00,6490.75,6492.0,6490.25,6491.25,1389
2026-09-29 02:20:00,6491.25,6491.75,6490.0,6490.25,519
2026-09-29 02:25:00,6490.25,6490.25,6489.25,6489.75,564
2026-09-29 02:30:00,6489.75,6490.75,6489.5,6490.5,741
2026-09-29 02:35:00,6490.5,6490.5,6489.75,6490.0,846
2026-09-29 02:40:00,6490.0,6490.25,6489.0,6489.5,1011
2026-09-29 02:45:00,6489.5,6489.5,6487.5,6488.25,423
2026-09-29 02:50:00,6488.25,6488.5,6487.75,6488.25,675
2026-09-29 02:55:00,6488.25,6488.5,6486.25,6487.0,525
2026-09-29 03:00:00,6487.0,6487.75,6486.75,6487.25,438
2026-09-29 03:05:00,6487.25,6489.0,6486.25,6488.25,375
2026-09-29 03:10:00,6488.25,6488.5,6486.0,6486.25,756
2026-09-29 03:15:00,6486.25,6486.5,6485.5,6485.75,918
2026-09-29 03:20:00,6485.75,6487.0,6483.75,6484.0,1155
2026-09-29 03:25:00,6484.0,6484.0,6483.5,6484.0,852
2026-09-29 03:30:00,6484.0,6485.0,6483.75,6484.75,861
2026-09-29 03:35:00,6484.75,6485.0,6484.25,6484.5,504
2026-09-29 03:40:00,6484.5,6486.0,6484.5,6485.75,504
2026-09-29 03:45:00,6485.75,6485.75,6485.0,6485.0,576
2026-09-29 03:50:00,6485.0,6486.75,6484.5,6486.5,492
2026-09-29 03:55:00,6486.5,6488.75,6486.0,6488.5,606
2026-09-29 04:00:00,6488.5,6489.75,6488.25,6489.0,435
2026-09-29 04:05:00,6489.0,6490.0,6488.5,6489.75,801
2026-09-29 04:10:00,6489.75,6490.0,6489.25,6489.75,1245
2026-09-29 04:15:00,6489.75,6491.75,6489.25,6491.25,951
2026-09-29 04:20:00,6491.25,6491.25,6491.0,6491.0,627
2026-09-29 04:25:00,6491.0,6491.25,6488.75,6489.25,609
2026-09-29 04:30:00,6489.25,6489.75,6488.5,6488.75,423
2026-09-29 04:35:00,6488.75,6488.75,6488.0,6488.5,645
2026-09-29 04:40:00,6488.5,6490.0,6488.5,6489.5,966
2026-09-29 04:45:00,6489.5,6489.75,6486.75,6487.25,726
2026-09-29 04:50:00,6487.25,6487.25,6484.25,6485.25,630
2026-09-29 04:55:00,6485.25,6485.5,6483.75,6484.0,627
2026-09-29 05:00:00,6484.0,6484.75,6480.5,6481.25,1053
2026-09-29 05:05:00,6481.25,6481.75,6481.25,6481.75,708
2026-09-29 05:10:00,6481.75,6483.5,6481.5,6483.25,555
2026-09-29 05:15:00,6483.25,6483.75,6482.0,6482.25,1023
2026-09-29 05:20:00,6482.25,6482.75,6481.5,6482.25,558
2026-09-29 05:25:00,6482.25,6482.5,6481.5,6482.25,1062
2026-09-29 05:30:00,6482.25,6482.75,6482.25,6482.25,849
2026-09-29 05:35:00,6482.25,6483.0,6481.0,6482.0,651
2026-09-29 05:40:00,6482.0,6482.5,6480.0,6480.5,756
2026-09-29 05:45:00,6480.5,6481.25,6479.5,6480.0,1287
2026-09-29 05:50:00,6480.0,6480.5,6477.5,6477.75,504
2026-09-29 05:55:00,6477.75,6479.5,6477.5,6479.0,720
2026-09-29 06:00:00,6479.0,6480.0,6475.75,6476.0,702
2026-09-29 06:05:00,6476.0,6477.25,6475.5,6477.0,684
2026-09-29 06:10:00,6477.0,6477.0,6474.5,6475.5,543
2026-09-29 06:15:00,6475.5,6476.0,6474.25,6475.25,573
2026-09-29 06:20:00,6475.25,6477.25,6475.0,6477.0,549
2026-09-29 06:25:00,6477.0,6477.25,6475.0,6476.25,666
2026-09-29 06:30:00,6476.25,6477.5,6476.25,6477.0,369
2026-09-29 06:35:00,6477.0,6477.5,6474.75,6474.75,612
2026-09-29 06:40:00,6474.75,6476.0,6474.5,6475.25,513
2026-09-29 06:45:00,6475.25,6475.5,6472.75,6473.25,495
2026-09-29 06:50:00,6473.25,6475.75,6472.25,6475.75,678
2026-09-29 06:55:00,6475.75,6478.5,6475.5,6477.75,846
2026-09-29 07:00:00,6477.75,6478.25,6476.75,6477.25,465
2026-09-29 07:05:00,6477.25,6478.25,6476.5,6477.5,942
2026-09-29 07:10:00,6477.5,6477.75,6475.25,6475.5,855
2026-09-29 07:15:00,6475.5,6477.0,6475.25,6476.25,447
2026-09-29 07:20:00,6476.25,6477.0,6476.0,6476.5,549
2026-09-29 07:25:00,6476.5,6477.0,6476.5,6476.75,1173
2026-09-29 07:30:00,6476.75,6479.5,6476.75,6479.0,801
2026-09-29 07:35:00,6479.0,6479.0,6478.0,6478.25,624
2026-09-29 07:40:00,6478.25,6481.75,6478.25,6480.75,819
2026-09-29 07:45:00,6480.75,6483.75,6480.25,6482.5,1158
2026-09-29 07:50:00,6482.5,6486.25,6481.75,6485.25,969
2026-09-29 07:55:00,6485.25,6486.0,6485.0,6486.0,564
2026-09-29 08:00:00,6486.0,6486.0,6482.75,6483.0,558
2026-09-29 08:05:00,6483.0,6485.5,6482.75,6484.5,420
2026-09-29 08:10:00,6484.5,6489.5,6484.0,6488.75,1107
2026-09-29 08:15:00,6488.75,6488.75,6487.0,6487.5,744
2026-09-29 08:20:00,6487.5,6487.5,6486.0,6486.5,762
2026-09-29 08:25:00,6486.5,6486.75,6484.0,6484.0,753
2026-09-29 08:30:00,6484.0,6484.75,6479.25,6480.25,675
2026-09-29 08:35:00,6480.25,6480.25,6478.75,6479.0,522
2026-09-29 08:40:00,6479.0,6480.5,6478.75,6480.25,495
2026-09-29 08:45:00,6480.25,6480.5,6477.75,6478.0,771
2026-09-29 08:50:00,6478.0,6478.75,6476.0,6476.75,843
2026-09-29 08:55:00,6476.75,6478.25,6476.25,6478.0,969
2026-09-29 09:00:00,6478.0,6479.25,6477.25,6477.5,645
2026-09-29 09:05:00,6477.5,6478.25,6477.25,6477.5,612
2026-09-29 09:10:00,6477.5,6478.0,6475.75,6476.5,726
2026-09-29 09:15:00,6476.5,6477.25,6475.75,6475.75,663
2026-09-29 09:20:00,6475.75,6477.0,6475.5,6476.5,582
2026-09-29 09:25:00,6476.5,6477.75,6476.5,6477.5,666
2026-09-29 09:30:00,6477.5,6479.25,6470.25,6471.0,3333
2026-09-29 09:35:00,6471.0,6472.75,6467.25,6468.25,4125
2026-09-29 09:40:00,6468.25,6469.25,6466.25,6468.25,2829
2026-09-29 09:45:00,6468.25,6470.0,6463.5,6464.5,6690
2026-09-29 09:50:00,6464.5,6466.0,6462.75,6463.0,4278
2026-09-29 09:55:00,6463.0,6465.0,6461.5,6463.25,7404
2026-09-29 10:00:00,6463.25,6465.5,6462.25,6465.0,5100
2026-09-29 10:05:00,6465.0,6468.75,6464.5,6468.5,3003
2026-09-29 10:10:00,6468.5,6474.25,6468.0,6474.0,6774
2026-09-29 10:15:00,6474.0,6476.25,6470.75,6475.25,3276
2026-09-29 10:20:00,6475.25,6477.75,6473.5,6477.5,3186
2026-09-29 10:25:00,6477.5,6482.0,6477.25,6479.5,3999
2026-09-29 10:30:00,6479.5,6484.0,6479.0,6482.75,6828
2026-09-29 10:35:00,6482.75,6483.0,6479.0,6480.0,2856
2026-09-29 10:40:00,6480.0,6480.25,6476.0,6477.0,5463
2026-09-29 10:45:00,6477.0,6478.75,6476.0,6476.25,3969
2026-09-29 10:50:00,6476.25,6478.25,6474.5,6477.5,4872
2026-09-29 10:55:00,6477.5,6478.25,6474.0,6475.25,3855
2026-09-29 11:00:00,6475.25,6475.5,6471.0,6471.25,3540
2026-09-29 11:05:00,6471.25,6471.5,6471.25,6471.5,6348
2026-09-29 11:10:00,6471.5,6474.5,6470.5,6474.0,3609
2026-09-29 11:15:00,6474.0,6476.5,6473.25,6474.75,3303
2026-09-29 11:20:00,6474.75,6477.5,6474.0,6475.5,4800
2026-09-29 11:25:00,6475.5,6476.5,6475.5,6476.25,7767
2026-09-29 11:30:00,6476.25,6478.25,6474.75,6478.0,4803
2026-09-29 11:35:00,6478.0,6481.5,6477.25,6480.5,1875
2026-09-29 11:40:00,6480.5,6483.75,6480.0,6483.0,3630
2026-09-29 11:45:00,6483.0,6486.75,6482.75,6485.5,3276
2026-09-29 11:50:00,6485.5,6486.0,6480.25,6481.5,4923
2026-09-29 11:55:00,6481.5,6481.75,6479.5,6480.75,2529
2026-09-29 12:00:00,6480.75,6481.75,6477.75,6480.0,3561
2026-09-29 12:05:00,6480.0,6480.25,6479.25,6479.75,1791
2026-09-29 12:10:00,6479.75,6481.75,6475.25,6476.25,3024
2026-09-29 12:15:00,6476.25,6478.0,6475.75,6478.0,2505
2026-09-29 12:20:00,6478.0,6478.25,6476.75,6477.5,2253
2026-09-29 12:25:00,6477.5,6478.0,6476.5,6478.0,5928
2026-09-29 12:30:00,6478.0,6478.75,6475.75,6476.75,3915
2026-09-29 12:35:00,6476.75,6477.75,6476.25,6477.25,3141
2026-09-29 12:40:00,6477.25,6479.25,6474.0,6474.25,2391
2026-09-29 12:45:00,6474.25,6474.5,6473.5,6474.0,4347
2026-09-29 12:50:00,6474.0,6476.75,6472.25,6475.0,2256
2026-09-29 12:55:00,6475.0,6477.0,6474.0,6476.25,2298
2026-09-29 13:00:00,6476.25,6478.25,6475.0,6477.25,1866
2026-09-29 13:05:00,6477.25,6478.25,6476.75,6477.5,3162
2026-09-29 13:10:00,6477.5,6478.75,6476.5,6476.75,4434
2026-09-29 13:15:00,6476.75,6481.25,6476.0,6478.75,2208
2026-09-29 13:20:00,6478.75,6481.0,6477.5,6479.75,2394
2026-09-29 13:25:00,6479.75,6480.5,6477.5,6479.0,3708
2026-09-29 13:30:00,6479.0,6482.25,6477.25,6481.0,6039
2026-09-29 13:35:00,6481.0,6483.0,6480.5,6482.75,4350
2026-09-29 13:40:00,6482.75,6483.5,6479.5,6479.75,5886
2026-09-29 13:45:00,6479.75,6480.25,6476.75,6477.0,3474
2026-09-29 13:50:00,6477.0,6481.0,6476.5,6480.5,3108
2026-09-29 13:55:00,6480.5,6482.5,6479.0,6481.25,4341
2026-09-29 14:00:00,6481.25,6483.75,6480.25,6482.5,2466
2026-09-29 14:05:00,6482.5,6483.0,6478.25,6479.75,5262
2026-09-29 14:10:00,6479.75,6482.0,6479.5,6481.25,4938
2026-09-29 14:15:00,6481.25,6481.75,6475.5,6476.0,2691
2026-09-29 14:20:00,6476.0,6479.0,6475.75,6479.0,4176
2026-09-29 14:25:00,6479.0,6480.0,6474.75,6475.0,5283
2026-09-29 14:30:00,6475.0,6476.25,6471.0,6472.5,3945
2026-09-29 14:35:00,6472.5,6474.25,6472.5,6474.0,2721
2026-09-29 14:40:00,6474.0,6474.5,6473.25,6473.5,6780
2026-09-29 14:45:00,6473.5,6473.5,6469.75,6470.0,3861
2026-09-29 14:50:00,6470.0,6471.5,6466.0,6468.0,3963
2026-09-29 14:55:00,6468.0,6471.25,6468.0,6469.0,7080
2026-09-29 15:00:00,6469.0,6471.0,6467.75,6470.0,7695
2026-09-29 15:05:00,6470.0,6477.25,6470.0,6473.75,4851
2026-09-29 15:10:00,6473.75,6481.5,6472.5,6480.25,3699
2026-09-29 15:15:00,6480.25,6481.5,6479.5,6480.75,4650
2026-09-29 15:20:00,6480.75,6482.5,6479.0,6481.0,5436
2026-09-29 15:25:00,6481.0,6482.25,6476.75,6477.5,8199
2026-09-29 15:30:00,6477.5,6480.5,6475.5,6478.25,6276
2026-09-29 15:35:00,6478.25,6478.25,6477.0,6477.5,3891
2026-09-29 15:40:00,6477.5,6484.0,6476.5,6483.5,3087
2026-09-29 15:45:00,6483.5,6487.0,6481.75,6485.5,4728
2026-09-29 15:50:00,6485.5,6490.0,6484.5,6488.75,5796
2026-09-29 15:55:00,6488.75,6491.5,6486.75,6490.75,3972
2026-09-29 16:00:00,6490.75,6491.0,6488.75,6488.75,642
2026-09-29 16:05:00,6488.75,6489.0,6487.0,6487.25,1623
2026-09-29 16:10:00,6487.25,6487.75,6485.75,6486.25,333
2026-09-29 16:15:00,6486.25,6489.0,6485.75,6489.0,558
2026-09-29 16:20:00,6489.0,6489.5,6488.25,6489.0,615
2026-09-29 16:25:00,6489.0,6491.0,6488.75,6490.5,597
2026-09-29 16:30:00,6490.5,6490.75,6490.25,6490.5,624
2026-09-29 16:35:00,6490.5,6491.75,6490.0,6491.0,936
2026-09-29 16:40:00,6491.0,6491.0,6489.75,6489.75,537
2026-09-29 16:45:00,6489.75,6490.5,6488.0,6489.0,414
2026-09-29 16:50:00,6489.0,6489.5,6487.75,6488.25,927
2026-09-29 16:55:00,6488.25,6489.0,6487.25,6487.5,669
2026-09-29 18:00:00,6487.5,6487.5,6486.75,6486.75,525
2026-09-29 18:05:00,6486.75,6487.0,6484.25,6484.5,864
2026-09-29 18:10:00,6484.5,6485.25,6483.25,6483.75,819
2026-09-29 18:15:00,6483.75,6484.0,6482.75,6483.0,984
2026-09-29 18:20:00,6483.0,6483.5,6478.25,6479.5,1320
2026-09-29 18:25:00,6479.5,6480.5,6479.25,6480.0,615
2026-09-29 18:30:00,6480.0,6480.0,6479.75,6479.75,207
2026-09-29 18:35:00,6479.75,6481.25,6476.75,6477.25,933
2026-09-29 18:40:00,6477.25,6478.25,6476.75,6477.75,909
2026-09-29 18:45:00,6477.75,6479.5,6477.75,6479.0,453
2026-09-29 18:50:00,6479.0,6482.0,6478.5,6481.25,738
2026-09-29 18:55:00,6481.25,6482.0,6481.0,6481.25,966
2026-09-29 19:00:00,6481.25,6483.0,6481.25,6482.5,618
2026-09-29 19:05:00,6482.5,6485.0,6482.25,6484.25,789
2026-09-29 19:10:00,6484.25,6485.5,6484.25,6485.25,270
2026-09-29 19:15:00,6485.25,6485.5,6483.25,6484.0,342
2026-09-29 19:20:00,6484.0,6486.0,6483.75,6485.0,588
2026-09-29 19:25:00,6485.0,6485.5,6482.0,6482.5,453
2026-09-29 19:30:00,6482.5,6484.5,6481.75,6483.0,402
2026-09-29 19:35:00,6483.0,6483.5,6482.0,6482.5,1497
2026-09-29 19:40:00,6482.5,6483.5,6482.0,6483.0,408
2026-09-29 19:45:00,6483.0,6484.25,6483.0,6484.0,702
2026-09-29 19:50:00,6484.0,6484.0,6483.25,6483.25,357
2026-09-29 19:55:00,6483.25,6484.25,6481.25,6482.5,360
2026-09-29 20:00:00,6482.5,6483.5,6481.5,6483.5,816
2026-09-29 20:05:00,6483.5,6484.75,6482.75,6484.25,1386
2026-09-29 20:10:00,6484.25,6484.25,6480.25,6481.0,1194
2026-09-29 20:15:00,6481.0,6482.0,6481.0,6481.25,861
2026-09-29 20:20:00,6481.25,6482.75,6480.0,6482.25,546
2026-09-29 20:25:00,6482.25,6484.25,6482.0,6484.0,597
2026-09-29 20:30:00,6484.0,6485.25,6484.0,6485.0,1119
2026-09-29 20:35:00,6485.0,6485.5,6484.0,6484.0,933
2026-09-29 20:40:00,6484.0,6484.75,6483.25,6484.25,420
2026-09-29 20:45:00,6484.25,6485.0,6484.0,6485.0,789
2026-09-29 20:50:00,6485.0,6490.25,6483.5,6489.75,828
2026-09-29 20:55:00,6489.75,6490.0,6488.25,6488.75,684
2026-09-29 21:00:00,6488.75,6492.75,6488.5,6491.75,1077
2026-09-29 21:05:00,6491.75,6496.25,6491.0,6495.75,930
2026-09-29 21:10:00,6495.75,6495.75,6493.5,6493.5,786
2026-09-29 21:15:00,6493.5,6496.75,6493.25,6496.25,390
2026-09-29 21:20:00,6496.25,6496.25,6494.0,6494.25,1095
2026-09-29 21:25:00,6494.25,6494.5,6493.25,6493.75,594
2026-09-29 21:30:00,6493.75,6497.25,6493.25,6496.5,402
2026-09-29 21:35:00,6496.5,6498.75,6496.25,6498.25,1083
2026-09-29 21:40:00,6498.25,6498.25,6496.75,6497.25,924
2026-09-29 21:45:00,6497.25,6498.25,6496.0,6496.0,543
2026-09-29 21:50:00,6496.0,6496.0,6493.25,6494.25,438
2026-09-29 21:55:00,6494.25,6495.25,6493.75,6495.25,654
2026-09-29 22:00:00,6495.25,6495.75,6493.25,6493.25,1023
2026-09-29 22:05:00,6493.25,6494.5,6493.25,6494.25,693
2026-09-29 22:10:00,6494.25,6495.25,6493.75,6494.75,534
2026-09-29 22:15:00,6494.75,6495.0,6492.5,6493.0,855
2026-09-29 22:20:00,6493.0,6493.25,6489.25,6489.75,861
2026-09-29 22:25:00,6489.75,6490.75,6489.75,6490.0,519
2026-09-29 22:30:00,6490.0,6490.25,6489.75,6489.75,633
2026-09-29 22:35:00,6489.75,6491.75,6489.75,6490.75,465
2026-09-29 22:40:00,6490.75,6491.75,6490.25,6491.25,750
2026-09-29 22:45:00,6491.25,6493.75,6491.25,6493.25,438
2026-09-29 22:50:00,6493.25,6496.0,6492.25,6495.5,708
2026-09-29 22:55:00,6495.5,6495.75,6491.5,6492.25,399
2026-09-29 23:00:00,6492.25,6492.75,6492.0,6492.25,489
2026-09-29 23:05:00,6492.25,6494.5,6491.5,6494.5,543
2026-09-29 23:10:00,6494.5,6497.75,6494.5,6497.25,702
2026-09-29 23:15:00,6497.25,6498.25,6495.75,6496.0,423
2026-09-29 23:20:00,6496.0,6496.0,6494.75,6495.25,726
2026-09-29 23:25:00,6495.25,6497.5,6494.25,6496.5,315
2026-09-29 23:30:00,6496.5,6498.0,6496.25,6497.5,396
2026-09-29 23:35:00,6497.5,6498.25,6497.25,6498.0,852
2026-09-29 23:40:00,6498.0,6499.0,6498.0,6498.75,879
2026-09-29 23:45:00,6498.75,6499.0,6498.25,6498.25,990
2026-09-29 23:50:00,6498.25,6498.25,6496.5,6497.25,1002
2026-09-29 23:55:00,6497.25,6499.25,6496.75,6498.75,639
2026-09-30 00:00:00,6498.75,6499.75,6497.5,6499.0,771
2026-09-30 00:05:00,6499.0,6499.5,6498.5,6499.25,927
2026-09-30 00:10:00,6499.25,6499.25,6498.25,6498.5,690
2026-09-30 00:15:00,6498.5,6498.75,6496.75,6497.0,660
2026-09-30 00:20:00,6497.0,6497.25,6493.5,6494.0,522
2026-09-30 00:25:00,6494.0,6495.75,6494.0,6495.75,978
2026-09-30 00:30:00,6495.75,6496.5,6495.5,6496.25,693
2026-09-30 00:35:00,6496.25,6496.75,6494.0,6494.5,417
2026-09-30 00:40:00,6494.5,6494.75,6493.75,6493.75,252
2026-09-30 00:45:00,6493.75,6494.25,6493.25,6493.75,834
2026-09-30 00:50:00,6493.75,6495.5,6493.25,6494.75,729
2026-09-30 00:55:00,6494.75,6494.75,6493.25,6493.75,699
2026-09-30 01:00:00,6493.75,6494.75,6492.75,6493.25,1002
2026-09-30 01:05:00,6493.25,6494.5,6492.25,6492.75,441
2026-09-30 01:10:00,6492.75,6493.75,6492.25,6493.5,1104
2026-09-30 01:15:00,6493.5,6497.0,6493.0,6496.5,1329
2026-09-30 01:20:00,6496.5,6497.25,6496.25,6497.0,408
2026-09-30 01:25:00,6497.0,6498.5,6496.25,6498.5,540
2026-09-30 01:30:00,6498.5,6498.75,6498.5,6498.5,690
2026-09-30 01:35:00,6498.5,6499.5,6496.75,6497.0,459
2026-09-30 01:40:00,6497.0,6498.25,6496.5,6497.5,603
2026-09-30 01:45:00,6497.5,6497.5,6496.0,6496.25,1068
2026-09-30 01:50:00,6496.25,6499.0,6495.75,6498.5,657
2026-09-30 01:55:00,6498.5,6499.75,6498.0,6498.0,972
2026-09-30 02:00:00,6498.0,6498.25,6493.5,6494.25,627
2026-09-30 02:05:00,6494.25,6494.5,6492.0,6492.25,759
2026-09-30 02:10:00,6492.25,6494.0,6491.5,6493.5,717
2026-09-30 02:15:00,6493.5,6494.0,6492.25,6492.75,456
2026-09-30 02:20:00,6492.75,6496.0,6492.0,6495.5,507
2026-09-30 02:25:00,6495.5,6496.75,6495.0,6495.75,486
2026-09-30 02:30:00,6495.75,6496.25,6494.0,6494.25,1149
2026-09-30 02:35:00,6494.25,6494.75,6494.0,6494.25,609
2026-09-30 02:40:00,6494.25,6495.75,6494.25,6495.5,498
2026-09-30 02:45:00,6495.5,6500.25,6495.0,6499.25,672
2026-09-30 02:50:00,6499.25,6500.25,6498.75,6500.25,891
2026-09-30 02:55:00,6500.25,6500.5,6499.75,6500.25,1023
2026-09-30 03:00:00,6500.25,6501.75,6500.0,6501.5,723
2026-09-30 03:05:00,6501.5,6501.75,6501.5,6501.5,786
2026-09-30 03:10:00,6501.5,6502.5,6500.0,6501.25,885
2026-09-30 03:15:00,6501.25,6504.75,6501.0,6504.25,867
2026-09-30 03:20:00,6504.25,6505.25,6503.5,6504.75,1116
2026-09-30 03:25:00,6504.75,6504.75,6503.75,6504.0,513
2026-09-30 03:30:00,6504.0,6504.0,6502.5,6503.25,690
2026-09-30 03:35:00,6503.25,6503.5,6502.25,6503.5,471
2026-09-30 03:40:00,6503.5,6503.75,6501.75,6502.5,1077
2026-09-30 03:45:00,6502.5,6505.0,6502.0,6504.5,819
2026-09-30 03:50:00,6504.5,6505.0,6502.75,6502.75,351
2026-09-30 03:55:00,6502.75,6503.0,6502.0,6502.5,1368
2026-09-30 04:00:00,6502.5,6504.75,6502.5,6504.5,423
2026-09-30 04:05:00,6504.5,6505.5,6504.25,6505.5,549
2026-09-30 04:10:00,6505.5,6506.25,6505.0,6506.0,516
2026-09-30 04:15:00,6506.0,6509.25,6505.5,6509.25,426
2026-09-30 04:20:00,6509.25,6513.0,6509.0,6512.25,387
2026-09-30 04:25:00,6512.25,6515.0,6511.75,6514.5,234
2026-09-30 04:30:00,6514.5,6515.0,6512.25,6512.75,591
2026-09-30 04:35:00,6512.75,6513.0,6512.0,6512.25,567
2026-09-30 04:40:00,6512.25,6514.25,6512.25,6513.5,537
2026-09-30 04:45:00,6513.5,6515.5,6513.25,6515.5,843
2026-09-30 04:50:00,6515.5,6516.5,6515.5,6515.75,537
2026-09-30 04:55:00,6515.75,6516.25,6515.25,6516.0,771
2026-09-30 05:00:00,6516.0,6518.25,6515.75,6518.0,498
2026-09-30 05:05:00,6518.0,6518.5,6516.25,6516.75,762
2026-09-30 05:10:00,6516.75,6517.0,6514.5,6515.0,720
2026-09-30 05:15:00,6515.0,6515.5,6514.75,6515.25,360
2026-09-30 05:20:00,6515.25,6517.5,6514.75,6517.5,1218
2026-09-30 05:25:00,6517.5,6518.75,6517.0,6518.75,549
2026-09-30 05:30:00,6518.75,6519.0,6517.75,6518.0,783
2026-09-30 05:35:00,6518.0,6518.5,6516.25,6516.5,900
2026-09-30 05:40:00,6516.5,6517.75,6516.25,6517.25,456
2026-09-30 05:45:00,6517.25,6518.0,6515.5,6516.0,492
2026-09-30 05:50:00,6516.0,6516.25,6515.25,6515.75,945
2026-09-30 05:55:00,6515.75,6516.0,6515.0,6515.75,774
2026-09-30 06:00:00,6515.75,6516.25,6513.5,6514.25,738
2026-09-30 06:05:00,6514.25,6514.5,6513.75,6514.0,576
2026-09-30 06:10:00,6514.0,6514.25,6513.5,6514.0,786
2026-09-30 06:15:00,6514.0,6515.25,6514.0,6514.75,786
2026-09-30 06:20:00,6514.75,6514.75,6513.0,6513.0,1011
2026-09-30 06:25:00,6513.0,6514.25,6512.25,6514.0,534
2026-09-30 06:30:00,6514.0,6514.5,6513.0,6514.0,606
2026-09-30 06:35:00,6514.0,6516.0,6513.5,6515.75,885
2026-09-30 06:40:00,6515.75,6519.0,6515.5,6518.75,672
2026-09-30 06:45:00,6518.75,6519.5,6518.25,6518.75,534
2026-09-30 06:50:00,6518.75,6519.5,6516.25,6517.25,558
2026-09-30 06:55:00,6517.25,6518.0,6516.25,6516.25,816
2026-09-30 07:00:00,6516.25,6517.0,6515.75,6516.75,489
2026-09-30 07:05:00,6516.75,6520.0,6515.5,6519.75,873
2026-09-30 07:10:00,6519.75,6520.75,6519.25,6520.5,477
2026-09-30 07:15:00,6520.5,6521.0,6519.0,6519.5,780
2026-09-30 07:20:00,6519.5,6521.5,6519.0,6521.25,681
2026-09-30 07:25:00,6521.25,6523.5,6520.75,6522.75,903
2026-09-30 07:30:00,6522.75,6523.5,6521.75,6521.75,393
2026-09-30 07:35:00,6521.75,6522.5,6520.75,6520.75,312
2026-09-30 07:40:00,6520.75,6521.0,6520.25,6521.0,675
2026-09-30 07:45:00,6521.0,6521.25,6519.75,6520.0,579
2026-09-30 07:50:00,6520.0,6520.0,6519.75,6520.0,510
2026-09-30 07:55:00,6520.0,6520.5,6519.25,6519.75,597
2026-09-30 08:00:00,6519.75,6520.25,6517.0,6517.25,525
2026-09-30 08:05:00,6517.25,6517.5,6517.0,6517.25,1080
2026-09-30 08:10:00,6517.25,6518.0,6516.0,6516.75,708
2026-09-30 08:15:00,6516.75,6517.0,6515.75,6516.5,351
2026-09-30 08:20:00,6516.5,6518.25,6516.5,6518.25,663
2026-09-30 08:25:00,6518.25,6519.25,6517.75,6518.5,426
2026-09-30 08:30:00,6518.5,6519.75,6518.5,6519.25,936
2026-09-30 08:35:00,6519.25,6521.25,6518.5,6521.0,282
2026-09-30 08:40:00,6521.0,6521.5,6520.0,6521.25,432
2026-09-30 08:45:00,6521.25,6521.75,6518.25,6518.5,357
2026-09-30 08:50:00,6518.5,6520.25,6518.25,6519.25,837
2026-09-30 08:55:00,6519.25,6519.5,6515.25,6516.0,525
2026-09-30 09:00:00,6516.0,6516.25,6513.75,6514.0,552
2026-09-30 09:05:00,6514.0,6515.0,6513.75,6514.75,486
2026-09-30 09:10:00,6514.75,6515.0,6513.25,6514.75,576
2026-09-30 09:15:00,6514.75,6515.0,6514.0,6514.0,963
2026-09-30 09:20:00,6514.0,6515.75,6514.0,6515.25,396
2026-09-30 09:25:00,6515.25,6515.75,6512.0,6513.0,459
2026-09-30 09:30:00,6513.0,6514.0,6511.25,6513.75,6285
2026-09-30 09:35:00,6513.75,6514.75,6513.0,6514.25,6231
2026-09-30 09:40:00,6514.25,6517.0,6514.25,6515.75,3324
2026-09-30 09:45:00,6515.75,6516.0,6513.75,6514.75,4704
2026-09-30 09:50:00,6514.75,6515.0,6512.25,6513.5,2649
2026-09-30 09:55:00,6513.5,6513.75,6512.25,6512.75,7440
2026-09-30 10:00:00,6512.75,6515.0,6511.25,6514.5,6471
2026-09-30 10:05:00,6514.5,6517.5,6514.25,6516.5,6963
2026-09-30 10:10:00,6516.5,6519.0,6507.75,6508.25,5481
2026-09-30 10:15:00,6508.25,6508.25,6505.5,6506.0,3699
2026-09-30 10:20:00,6506.0,6509.5,6505.5,6507.75,4677
2026-09-30 10:25:00,6507.75,6513.25,6507.5,6511.75,5049
2026-09-30 10:30:00,6511.75,6518.25,6510.5,6517.25,3450
2026-09-30 10:35:00,6517.25,6520.75,6517.25,6519.25,2469
2026-09-30 10:40:00,6519.25,6522.0,6518.25,6521.5,4167
2026-09-30 10:45:00,6521.5,6523.0,6520.75,6521.75,4992
2026-09-30 10:50:00,6521.75,6523.0,6520.5,6522.75,8793
2026-09-30 10:55:00,6522.75,6524.25,6521.75,6523.25,3165
2026-09-30 11:00:00,6523.25,6526.0,6520.5,6525.0,4965
2026-09-30 11:05:00,6525.0,6526.5,6525.0,6525.75,3654
2026-09-30 11:10:00,6525.75,6527.75,6525.5,6526.25,4485
2026-09-30 11:15:00,6526.25,6527.5,6526.0,6526.5,6735
2026-09-30 11:20:00,6526.5,6527.25,6525.5,6525.75,6132
2026-09-30 11:25:00,6525.75,6527.25,6525.25,6526.75,3222
2026-09-30 11:30:00,6526.75,6530.0,6526.5,6529.5,4092
2026-09-30 11:35:00,6529.5,6532.75,6528.5,6531.25,4890
2026-09-30 11:40:00,6531.25,6532.75,6528.75,6529.0,3360
2026-09-30 11:45:00,6529.0,6530.0,6527.75,6529.0,3168
2026-09-30 11:50:00,6529.0,6531.5,6527.5,6529.5,4107
2026-09-30 11:55:00,6529.5,6530.5,6523.75,6524.75,3738
2026-09-30 12:00:00,6524.75,6525.25,6524.0,6524.5,4848
2026-09-30 12:05:00,6524.5,6524.75,6524.0,6524.75,5970
2026-09-30 12:10:00,6524.75,6526.5,6522.75,6525.0,4497
2026-09-30 12:15:00,6525.0,6525.75,6515.75,6517.0,3714
2026-09-30 12:20:00,6517.0,6518.25,6511.75,6514.5,7971
2026-09-30 12:25:00,6514.5,6515.25,6512.75,6514.0,2586
2026-09-30 12:30:00,6514.0,6514.75,6514.0,6514.25,1980
2026-09-30 12:35:00,6514.25,6518.5,6513.5,6517.75,2523
2026-09-30 12:40:00,6517.75,6521.0,6516.75,6519.5,3090
2026-09-30 12:45:00,6519.5,6525.0,6519.5,6523.5,4236
2026-09-30 12:50:00,6523.5,6525.75,6521.0,6524.25,3114
2026-09-30 12:55:00,6524.25,6528.25,6524.0,6526.5,3429
2026-09-30 13:00:00,6526.5,6527.75,6522.5,6525.0,1503
2026-09-30 13:05:00,6525.0,6525.25,6521.5,6523.25,2931
2026-09-30 13:10:00,6523.25,6523.75,6521.75,6523.25,4545
2026-09-30 13:15:00,6523.25,6523.75,6518.75,6519.5,11652
2026-09-30 13:20:00,6519.5,6519.75,6516.0,6517.25,2595
2026-09-30 13:25:00,6517.25,6517.5,6513.75,6515.0,7110
2026-09-30 13:30:00,6515.0,6515.0,6513.5,6514.0,3414
2026-09-30 13:35:00,6514.0,6516.0,6512.5,6513.0,2067
2026-09-30 13:40:00,6513.0,6514.0,6511.25,6513.5,2616
2026-09-30 13:45:00,6513.5,6515.25,6513.0,6514.75,5250
2026-09-30 13:50:00,6514.75,6516.0,6511.5,6512.25,3729
2026-09-30 13:55:00,6512.25,6513.0,6505.75,6507.0,5073
2026-09-30 14:00:00,6507.0,6507.75,6505.5,6505.75,1929
2026-09-30 14:05:00,6505.75,6507.25,6505.0,6505.5,3249
2026-09-30 14:10:00,6505.5,6506.75,6504.0,6505.0,8748
2026-09-30 14:15:00,6505.0,6505.75,6499.25,6499.5,3525
2026-09-30 14:20:00,6499.5,6502.75,6498.25,6501.75,8025
2026-09-30 14:25:00,6501.75,6502.0,6500.0,6501.5,2553
2026-09-30 14:30:00,6501.5,6502.5,6501.0,6501.25,5922
2026-09-30 14:35:00,6501.25,6505.75,6501.0,6505.25,5544
2026-09-30 14:40:00,6505.25,6505.25,6501.75,6502.75,5346
2026-09-30 14:45:00,6502.75,6502.75,6500.0,6501.0,5262
2026-09-30 14:50:00,6501.0,6501.75,6495.5,6496.75,5466
2026-09-30 14:55:00,6496.75,6497.25,6489.75,6490.5,4371
2026-09-30 15:00:00,6490.5,6492.25,6489.0,6491.5,8274
2026-09-30 15:05:00,6491.5,6495.25,6491.25,6493.5,5397
2026-09-30 15:10:00,6493.5,6494.5,6491.75,6493.5,3444
2026-09-30 15:15:00,6493.5,6494.25,6493.0,6493.25,3624
2026-09-30 15:20:00,6493.25,6498.75,6491.75,6498.25,2841
2026-09-30 15:25:00,6498.25,6501.25,6497.25,6501.0,9270
2026-09-30 15:30:00,6501.0,6502.25,6497.5,6498.0,6063
2026-09-30 15:35:00,6498.0,6498.75,6492.25,6493.0,3426
2026-09-30 15:40:00,6493.0,6494.25,6487.75,6488.0,5442
2026-09-30 15:45:00,6488.0,6491.5,6487.25,6489.0,6312
2026-09-30 15:50:00,6489.0,6493.5,6488.5,6493.0,5109
2026-09-30 15:55:00,6493.0,6495.25,6490.25,6490.75,5001
2026-09-30 16:00:00,6490.75,6491.5,6490.25,6490.25,546
2026-09-30 16:05:00,6490.25,6493.25,6488.75,6493.0,594
2026-09-30 16:10:00,6493.0,6493.5,6491.75,6492.25,564
2026-09-30 16:15:00,6492.25,6493.5,6492.25,6493.5,549
2026-09-30 16:20:00,6493.5,6496.0,6493.0,6496.0,711
2026-09-30 16:25:00,6496.0,6496.75,6495.25,6495.5,642
2026-09-30 16:30:00,6495.5,6495.75,6494.25,6495.25,675
2026-09-30 16:35:00,6495.25,6495.75,6495.0,6495.25,1071
2026-09-30 16:40:00,6495.25,6497.25,6495.0,6496.75,858
2026-09-30 16:45:00,6496.75,6497.75,6495.75,6496.0,933
2026-09-30 16:50:00,6496.0,6496.75,6495.0,6495.5,789
2026-09-30 16:55:00,6495.5,6498.5,6495.0,6497.25,591
2026-09-30 18:00:00,6497.25,6497.75,6497.0,6497.25,507
2026-09-30 18:05:00,6497.25,6497.5,6493.5,6494.5,780
2026-09-30 18:10:00,6494.5,6494.75,6492.0,6492.25,438
2026-09-30 18:15:00,6492.25,6492.5,6491.25,6492.0,1269
2026-09-30 18:20:00,6492.0,6492.5,6489.25,6489.75,1173
2026-09-30 18:25:00,6489.75,6492.5,6489.5,6491.75,429
2026-09-30 18:30:00,6491.75,6492.5,6491.5,6492.5,633
2026-09-30 18:35:00,6492.5,6492.75,6491.0,6491.25,591
2026-09-30 18:40:00,6491.25,6491.25,6490.5,6490.75,579
2026-09-30 18:45:00,6490.75,6492.0,6490.5,6492.0,654
2026-09-30 18:50:00,6492.0,6492.0,6489.5,6489.75,681
2026-09-30 18:55:00,6489.75,6491.5,6489.25,6491.0,792
2026-09-30 19:00:00,6491.0,6491.25,6488.25,6489.0,681
2026-09-30 19:05:00,6489.0,6491.25,6488.75,6490.0,483
2026-09-30 19:10:00,6490.0,6490.5,6487.5,6487.75,366
2026-09-30 19:15:00,6487.75,6488.0,6486.5,6486.75,774
2026-09-30 19:20:00,6486.75,6487.25,6483.25,6484.0,762
2026-09-30 19:25:00,6484.0,6484.75,6483.75,6483.75,783
2026-09-30 19:30:00,6483.75,6484.0,6482.25,6482.5,555
2026-09-30 19:35:00,6482.5,6482.75,6482.25,6482.75,1059
2026-09-30 19:40:00,6482.75,6483.0,6481.5,6482.25,957
2026-09-30 19:45:00,6482.25,6482.75,6481.75,6482.25,1029
2026-09-30 19:50:00,6482.25,6484.75,6480.75,6484.0,615
2026-09-30 19:55:00,6484.0,6485.75,6483.5,6485.75,729
2026-09-30 20:00:00,6485.75,6485.75,6485.25,6485.75,696
2026-09-30 20:05:00,6485.75,6487.25,6485.25,6486.5,525
2026-09-30 20:10:00,6486.5,6488.0,6484.25,6484.75,732
2026-09-30 20:15:00,6484.75,6485.5,6484.25,6484.25,804
2026-09-30 20:20:00,6484.25,6484.5,6483.0,6483.25,762
2026-09-30 20:25:00,6483.25,6483.5,6480.5,6481.25,744
2026-09-30 20:30:00,6481.25,6483.5,6480.25,6482.5,753
2026-09-30 20:35:00,6482.5,6483.25,6480.25,6480.75,846
2026-09-30 20:40:00,6480.75,6481.0,6478.75,6479.5,447
2026-09-30 20:45:00,6479.5,6479.75,6478.75,6479.25,699
2026-09-30 20:50:00,6479.25,6480.0,6477.75,6477.75,888
2026-09-30 20:55:00,6477.75,6478.0,6476.25,6476.25,1056
2026-09-30 21:00:00,6476.25,6476.5,6475.5,6476.25,516
2026-09-30 21:05:00,6476.25,6479.0,6475.5,6478.75,822
2026-09-30 21:10:00,6478.75,6482.25,6478.5,6481.25,636
2026-09-30 21:15:00,6481.25,6481.75,6480.5,6480.75,756
2026-09-30 21:20:00,6480.75,6481.0,6479.75,6480.25,618
2026-09-30 21:25:00,6480.25,6480.75,6480.0,6480.75,657
2026-09-30 21:30:00,6480.75,6481.0,6476.5,6477.5,774
2026-09-30 21:35:00,6477.5,6478.5,6477.25,6478.5,1359
2026-09-30 21:40:00,6478.5,6479.0,6477.25,6477.75,381
2026-09-30 21:45:00,6477.75,6478.5,6477.75,6477.75,720
2026-09-30 21:50:00,6477.75,6477.75,6477.5,6477.75,675
2026-09-30 21:55:00,6477.75,6479.75,6477.5,6479.0,645
2026-09-30 22:00:00,6479.0,6482.75,6478.25,6482.0,429
2026-09-30 22:05:00,6482.0,6483.5,6481.25,6483.25,552
2026-09-30 22:10:00,6483.25,6485.0,6482.5,6485.0,531
2026-09-30 22:15:00,6485.0,6486.0,6482.0,6483.0,501
2026-09-30 22:20:00,6483.0,6483.5,6481.5,6481.75,459
2026-09-30 22:25:00,6481.75,6482.5,6480.75,6482.5,906
2026-09-30 22:30:00,6482.5,6483.0,6480.75,6481.25,465
2026-09-30 22:35:00,6481.25,6481.75,6480.25,6481.25,588
2026-09-30 22:40:00,6481.25,6482.25,6481.25,6481.75,285
2026-09-30 22:45:00,6481.75,6482.25,6479.25,6479.75,636
2026-09-30 22:50:00,6479.75,6481.25,6479.5,6480.75,1089
2026-09-30 22:55:00,6480.75,6482.0,6479.25,6480.25,735
2026-09-30 23:00:00,6480.25,6481.75,6480.0,6481.5,615
2026-09-30 23:05:00,6481.5,6481.5,6478.5,6479.0,615
2026-09-30 23:10:00,6479.0,6479.0,6478.0,6478.0,714
2026-09-30 23:15:00,6478.0,6479.25,6476.5,6476.75,861
2026-09-30 23:20:00,6476.75,6479.0,6476.5,6478.25,705
2026-09-30 23:25:00,6478.25,6478.25,6477.75,6478.25,1209
2026-09-30 23:30:00,6478.25,6478.5,6476.25,6476.75,906
2026-09-30 23:35:00,6476.75,6477.0,6474.5,6474.75,744
2026-09-30 23:40:00,6474.75,6476.0,6471.5,6472.25,765
2026-09-30 23:45:00,6472.25,6472.5,6470.0,6470.5,867
2026-09-30 23:50:00,6470.5,6470.5,6470.5,6470.5,786
2026-09-30 23:55:00,6470.5,6470.75,6467.5,6467.5,399
2026-10-01 00:00:00,6467.5,6469.0,6467.25,6468.5,573
2026-10-01 00:05:00,6468.5,6469.25,6468.0,6469.0,702
2026-10-01 00:10:00,6469.0,6470.5,6468.25,6470.5,783
2026-10-01 00:15:00,6470.5,6471.0,6469.75,6470.5,711
2026-10-01 00:20:00,6470.5,6473.5,6470.25,6473.0,1281
2026-10-01 00:25:00,6473.0,6475.0,6472.75,6475.0,840
2026-10-01 00:30:00,6475.0,6475.5,6474.75,6475.25,567
2026-10-01 00:35:00,6475.25,6476.75,6475.25,6476.25,1392
2026-10-01 00:40:00,6476.25,6476.75,6473.25,6474.0,405
2026-10-01 00:45:00,6474.0,6474.5,6473.0,6473.75,915
2026-10-01 00:50:00,6473.75,6476.0,6472.75,6475.0,399
2026-10-01 00:55:00,6475.0,6476.25,6474.5,6475.75,693
2026-10-01 01:00:00,6475.75,6475.75,6475.75,6475.75,654
2026-10-01 01:05:00,6475.75,6476.25,6474.25,6475.5,633
2026-10-01 01:10:00,6475.5,6476.0,6474.75,6475.0,705
2026-10-01 01:15:00,6475.0,6477.0,6474.75,6476.0,747
2026-10-01 01:20:00,6476.0,6476.5,6475.5,6476.0,732
2026-10-01 01:25:00,6476.0,6476.25,6474.75,6475.25,612
2026-10-01 01:30:00,6475.25,6475.5,6473.5,6474.0,393
2026-10-01 01:35:00,6474.0,6476.5,6472.75,6476.25,1011
2026-10-01 01:40:00,6476.25,6481.5,6476.0,6480.75,675
2026-10-01 01:45:00,6480.75,6481.5,6479.25,6479.75,522
2026-10-01 01:50:00,6479.75,6481.5,6479.25,6481.0,975
2026-10-01 01:55:00,6481.0,6481.25,6480.75,6481.0,780
2026-10-01 02:00:00,6481.0,6481.0,6479.75,6479.75,762
2026-10-01 02:05:00,6479.75,6480.0,6478.0,6478.25,486
2026-10-01 02:10:00,6478.25,6478.5,6477.0,6477.75,681
2026-10-01 02:15:00,6477.75,6478.25,6475.25,6475.5,375
2026-10-01 02:20:00,6475.5,6475.75,6475.0,6475.25,792
2026-10-01 02:25:00,6475.25,6475.5,6474.75,6475.0,492
2026-10-01 02:30:00,6475.0,6475.5,6473.25,6474.75,945
2026-10-01 02:35:00,6474.75,6475.0,6473.5,6474.25,519
2026-10-01 02:40:00,6474.25,6476.25,6474.0,6475.25,690
2026-10-01 02:45:00,6475.25,6477.5,6474.75,6476.0,960
2026-10-01 02:50:00,6476.0,6476.5,6475.5,6476.0,783
2026-10-01 02:55:00,6476.0,6476.25,6475.5,6475.75,465
2026-10-01 03:00:00,6475.75,6477.25,6475.25,6476.75,852
2026-10-01 03:05:00,6476.75,6478.5,6476.25,6478.5,1353
2026-10-01 03:10:00,6478.5,6479.25,6478.0,6479.25,561
2026-10-01 03:15:00,6479.25,6479.5,6478.0,6478.0,1425
2026-10-01 03:20:00,6478.0,6479.25,6477.5,6479.0,747
2026-10-01 03:25:00,6479.0,6479.5,6478.75,6479.25,627
2026-10-01 03:30:00,6479.25,6479.5,6477.75,6478.0,942
2026-10-01 03:35:00,6478.0,6480.5,6477.5,6479.75,492
2026-10-01 03:40:00,6479.75,6480.25,6479.25,6479.5,756
2026-10-01 03:45:00,6479.5,6479.5,6477.0,6477.75,1584
2026-10-01 03:50:00,6477.75,6478.5,6477.5,6477.5,411
2026-10-01 03:55:00,6477.5,6478.25,6477.0,6478.0,576
2026-10-01 04:00:00,6478.0,6478.75,6477.0,6477.25,273
2026-10-01 04:05:00,6477.25,6478.75,6476.25,6477.25,1314
2026-10-01 04:10:00,6477.25,6479.0,6477.0,6478.75,1029
2026-10-01 04:15:00,6478.75,6479.0,6477.75,6478.5,582
2026-10-01 04:20:00,6478.5,6478.5,6475.25,6475.5,513
2026-10-01 04:25:00,6475.5,6476.0,6474.25,6474.75,609
2026-10-01 04:30:00,6474.75,6475.0,6474.25,6474.25,408
2026-10-01 04:35:00,6474.25,6474.5,6471.25,6471.75,462
2026-10-01 04:40:00,6471.75,6472.25,6469.5,6470.75,873
2026-10-01 04:45:00,6470.75,6471.25,6470.0,6470.0,504
2026-10-01 04:50:00,6470.0,6470.25,6469.5,6470.0,966
2026-10-01 04:55:00,6470.0,6470.0,6468.5,6469.0,621
2026-10-01 05:00:00,6469.0,6469.25,6465.25,6465.5,819
2026-10-01 05:05:00,6465.5,6465.75,6464.0,6464.25,687
2026-10-01 05:10:00,6464.25,6465.0,6463.75,6464.75,1056
2026-10-01 05:15:00,6464.75,6465.25,6461.5,6461.75,480
2026-10-01 05:20:00,6461.75,6462.0,6461.0,6461.25,678
2026-10-01 05:25:00,6461.25,6461.75,6459.0,6459.25,618
2026-10-01 05:30:00,6459.25,6459.25,6458.0,6458.25,801
2026-10-01 05:35:00,6458.25,6459.0,6456.5,6456.75,618
2026-10-01 05:40:00,6456.75,6457.0,6453.0,6453.5,375
2026-10-01 05:45:00,6453.5,6454.5,6453.0,6454.25,996
2026-10-01 05:50:00,6454.25,6454.75,6454.0,6454.0,618
2026-10-01 05:55:00,6454.0,6454.25,6453.75,6454.0,1071
2026-10-01 06:00:00,6454.0,6454.0,6451.0,6451.75,486
2026-10-01 06:05:00,6451.75,6454.25,6451.75,6454.0,597
2026-10-01 06:10:00,6454.0,6454.25,6452.75,6453.25,717
2026-10-01 06:15:00,6453.25,6453.75,6450.5,6452.25,717
2026-10-01 06:20:00,6452.25,6453.75,6451.5,6453.0,864
2026-10-01 06:25:00,6453.0,6453.75,6452.0,6453.5,561
2026-10-01 06:30:00,6453.5,6454.0,6453.25,6453.25,642
2026-10-01 06:35:00,6453.25,6454.75,6452.5,6454.5,603
2026-10-01 06:40:00,6454.5,6454.75,6453.5,6453.75,774
2026-10-01 06:45:00,6453.75,6455.25,6453.5,6455.0,696
2026-10-01 06:50:00,6455.0,6455.5,6452.25,6452.75,1455
2026-10-01 06:55:00,6452.75,6453.75,6452.0,6453.75,1233
2026-10-01 07:00:00,6453.75,6454.75,6452.75,6454.0,570
2026-10-01 07:05:00,6454.0,6454.5,6453.25,6453.5,780
2026-10-01 07:10:00,6453.5,6454.25,6453.0,6454.0,975
2026-10-01 07:15:00,6454.0,6454.5,6451.75,6452.25,699
2026-10-01 07:20:00,6452.25,6454.0,6451.75,6453.75,546
2026-10-01 07:25:00,6453.75,6454.75,6453.5,6454.25,1161
2026-10-01 07:30:00,6454.25,6457.0,6454.0,6456.5,477
2026-10-01 07:35:00,6456.5,6456.75,6454.0,6454.0,738
2026-10-01 07:40:00,6454.0,6454.75,6453.0,6454.25,813
2026-10-01 07:45:00,6454.25,6454.5,6453.25,6453.5,540
2026-10-01 07:50:00,6453.5,6456.25,6452.75,6455.5,822
2026-10-01 07:55:00,6455.5,6456.0,6452.75,6453.0,684
2026-10-01 08:00:00,6453.0,6453.5,6450.5,6451.0,648
2026-10-01 08:05:00,6451.0,6452.75,6450.75,6452.75,882
2026-10-01 08:10:00,6452.75,6456.0,6451.75,6455.75,534
2026-10-01 08:15:00,6455.75,6458.25,6455.5,6457.5,666
2026-10-01 08:20:00,6457.5,6457.5,6457.0,6457.25,567
2026-10-01 08:25:00,6457.25,6458.75,6457.0,6458.5,531
2026-10-01 08:30:00,6458.5,6460.25,6457.75,6460.0,366
2026-10-01 08:35:00,6460.0,6460.25,6459.75,6460.25,828
2026-10-01 08:40:00,6460.25,6460.5,6458.25,6459.0,843
2026-10-01 08:45:00,6459.0,6459.5,6458.25,6458.5,957
2026-10-01 08:50:00,6458.5,6459.0,6458.0,6458.25,528
2026-10-01 08:55:00,6458.25,6458.5,6457.75,6458.5,594
2026-10-01 09:00:00,6458.5,6462.25,6457.5,6461.75,726
2026-10-01 09:05:00,6461.75,6465.0,6461.5,6465.0,720
2026-10-01 09:10:00,6465.0,6466.5,6464.25,6465.75,909
2026-10-01 09:15:00,6465.75,6465.75,6463.25,6463.75,879
2026-10-01 09:20:00,6463.75,6464.0,6462.75,6463.0,783
2026-10-01 09:25:00,6463.0,6463.75,6461.0,6461.5,1059
2026-10-01 09:30:00,6461.5,6462.75,6459.25,6460.25,3606
2026-10-01 09:35:00,6460.25,6460.5,6455.25,6457.5,2853
2026-10-01 09:40:00,6457.5,6461.5,6457.0,6461.0,3522
2026-10-01 09:45:00,6461.0,6465.5,6460.25,6463.75,4494
2026-10-01 09:50:00,6463.75,6466.25,6463.0,6463.75,8385
2026-10-01 09:55:00,6463.75,6465.0,6461.5,6463.0,4410
2026-10-01 10:00:00,6463.0,6468.5,6462.75,6466.0,9342
2026-10-01 10:05:00,6466.0,6468.0,6465.5,6465.5,8772
2026-10-01 10:10:00,6465.5,6473.0,6462.75,6471.5,4263
2026-10-01 10:15:00,6471.5,6472.25,6467.0,6469.25,3672
2026-10-01 10:20:00,6469.25,6473.25,6468.5,6472.5,3789
2026-10-01 10:25:00,6472.5,6474.0,6468.5,6470.5,6369
2026-10-01 10:30:00,6470.5,6473.0,6469.25,6473.0,3903
2026-10-01 10:35:00,6473.0,6475.5,6471.75,6475.5,7050
2026-10-01 10:40:00,6475.5,6476.75,6473.25,6474.0,4425
2026-10-01 10:45:00,6474.0,6480.25,6473.75,6480.25,3909
2026-10-01 10:50:00,6480.25,6480.5,6477.0,6477.0,4557
2026-10-01 10:55:00,6477.0,6478.0,6475.25,6476.25,7527
2026-10-01 11:00:00,6476.25,6478.0,6474.0,6477.75,3246
2026-10-01 11:05:00,6477.75,6478.0,6472.25,6472.75,5052
2026-10-01 11:10:00,6472.75,6473.0,6471.0,6471.25,4083
2026-10-01 11:15:00,6471.25,6476.5,6471.0,6476.25,3660
2026-10-01 11:20:00,6476.25,6476.75,6474.75,6476.25,2103
2026-10-01 11:25:00,6476.25,6476.5,6474.0,6475.25,3711
2026-10-01 11:30:00,6475.25,6475.25,6471.0,6471.0,5874
2026-10-01 11:35:00,6471.0,6477.75,6469.75,6475.25,2208
2026-10-01 11:40:00,6475.25,6476.25,6475.0,6475.75,3654
2026-10-01 11:45:00,6475.75,6476.75,6475.5,6476.5,4929
2026-10-01 11:50:00,6476.5,6480.0,6475.75,6479.25,4863
2026-10-01 11:55:00,6479.25,6480.0,6478.0,6478.75,2706
2026-10-01 12:00:00,6478.75,6479.5,6478.0,6478.75,4674
2026-10-01 12:05:00,6478.75,6479.25,6476.0,6476.25,4047
2026-10-01 12:10:00,6476.25,6476.25,6473.5,6474.75,3267
2026-10-01 12:15:00,6474.75,6476.0,6471.5,6472.5,3195
2026-10-01 12:20:00,6472.5,6473.5,6467.5,6468.0,2172
2026-10-01 12:25:00,6468.0,6473.0,6467.75,6472.0,2817
2026-10-01 12:30:00,6472.0,6472.25,6469.75,6470.75,2913
2026-10-01 12:35:00,6470.75,6471.75,6469.5,6469.75,2910
2026-10-01 12:40:00,6469.75,6472.0,6469.0,6471.75,3675
2026-10-01 12:45:00,6471.75,6475.0,6470.25,6473.75,2475
2026-10-01 12:50:00,6473.75,6474.25,6471.75,6472.25,4536
2026-10-01 12:55:00,6472.25,6473.5,6470.5,6472.25,2451
2026-10-01 13:00:00,6472.25,6478.75,6471.5,6477.25,2238
2026-10-01 13:05:00,6477.25,6477.5,6475.0,6475.5,1827
2026-10-01 13:10:00,6475.5,6476.25,6474.5,6476.25,2679
2026-10-01 13:15:00,6476.25,6479.25,6470.5,6471.5,3315
2026-10-01 13:20:00,6471.5,6472.25,6471.5,6472.0,3525
2026-10-01 13:25:00,6472.0,6472.75,6467.5,6468.75,5949
2026-10-01 13:30:00,6468.75,6470.0,6468.25,6468.75,2406
2026-10-01 13:35:00,6468.75,6469.5,6468.5,6469.5,3567
2026-10-01 13:40:00,6469.5,6469.75,6466.25,6468.75,3816
2026-10-01 13:45:00,6468.75,6469.25,6467.0,6467.0,3786
2026-10-01 13:50:00,6467.0,6471.0,6466.25,6470.5,3867
2026-10-01 13:55:00,6470.5,6471.25,6468.0,6469.25,2517
2026-10-01 14:00:00,6469.25,6470.5,6467.75,6468.25,4422
2026-10-01 14:05:00,6468.25,6469.5,6466.75,6468.0,2562
2026-10-01 14:10:00,6468.0,6468.5,6466.5,6466.75,4542
2026-10-01 14:15:00,6466.75,6469.5,6466.25,6468.75,3657
2026-10-01 14:20:00,6468.75,6470.0,6466.0,6467.25,5223
2026-10-01 14:25:00,6467.25,6470.0,6467.25,6470.0,7941
2026-10-01 14:30:00,6470.0,6470.75,6466.25,6467.5,6051
2026-10-01 14:35:00,6467.5,6473.5,6467.25,6473.25,4218
2026-10-01 14:40:00,6473.25,6475.0,6472.0,6474.5,5691
2026-10-01 14:45:00,6474.5,6475.25,6474.0,6475.0,3195
2026-10-01 14:50:00,6475.0,6476.25,6474.0,6475.25,3882
2026-10-01 14:55:00,6475.25,6478.5,6474.5,6478.25,3273
2026-10-01 15:00:00,6478.25,6481.75,6477.5,6479.0,4800
2026-10-01 15:05:00,6479.0,6483.75,6477.25,6482.25,4455
2026-10-01 15:10:00,6482.25,6483.0,6479.5,6481.0,3606
2026-10-01 15:15:00,6481.0,6481.0,6476.75,6478.5,5088
2026-10-01 15:20:00,6478.5,6487.0,6473.75,6486.5,4470
2026-10-01 15:25:00,6486.5,6488.5,6484.75,6487.5,3246
2026-10-01 15:30:00,6487.5,6487.5,6482.0,6483.0,9498
2026-10-01 15:35:00,6483.0,6483.75,6480.75,6483.5,6900
2026-10-01 15:40:00,6483.5,6485.25,6483.0,6484.5,7293
2026-10-01 15:45:00,6484.5,6486.25,6477.75,6479.0,4467
2026-10-01 15:50:00,6479.0,6479.25,6472.0,6473.5,4101
2026-10-01 15:55:00,6473.5,6474.75,6470.25,6471.25,5376
2026-10-01 16:00:00,6471.25,6472.5,6470.25,6470.75,597
2026-10-01 16:05:00,6470.75,6473.0,6470.75,6472.75,540
2026-10-01 16:10:00,6472.75,6473.75,6472.75,6473.25,687
2026-10-01 16:15:00,6473.25,6474.0,6470.75,6471.25,597
2026-10-01 16:20:00,6471.25,6472.75,6471.25,6472.25,906
2026-10-01 16:25:00,6472.25,6474.0,6472.25,6473.0,645
2026-10-01 16:30:00,6473.0,6473.75,6472.75,6473.5,729
2026-10-01 16:35:00,6473.5,6475.0,6473.25,6474.0,399
2026-10-01 16:40:00,6474.0,6474.0,6472.75,6473.5,585
2026-10-01 16:45:00,6473.5,6473.5,6471.5,6472.25,390
2026-10-01 16:50:00,6472.25,6474.0,6472.0,6473.0,828
2026-10-01 16:55:00,6473.0,6474.75,6472.75,6474.0,576
2026-10-01 18:00:00,6474.0,6476.75,6473.5,6476.25,657
2026-10-01 18:05:00,6476.25,6480.0,6475.75,6479.75,588
2026-10-01 18:10:00,6479.75,6481.0,6479.75,6480.25,564
2026-10-01 18:15:00,6480.25,6481.25,6479.75,6481.25,576
2026-10-01 18:20:00,6481.25,6481.5,6478.25,6479.0,384
2026-10-01 18:25:00,6479.0,6479.25,6477.75,6478.0,636
2026-10-01 18:30:00,6478.0,6480.75,6477.75,6480.5,723
2026-10-01 18:35:00,6480.5,6482.25,6479.5,6482.0,378
2026-10-01 18:40:00,6482.0,6484.25,6481.75,6483.25,690
2026-10-01 18:45:00,6483.25,6483.5,6482.25,6482.5,651
2026-10-01 18:50:00,6482.5,6486.5,6481.0,6485.25,543
2026-10-01 18:55:00,6485.25,6485.75,6483.5,6483.75,600
2026-10-01 19:00:00,6483.75,6485.0,6483.5,6484.5,675
2026-10-01 19:05:00,6484.5,6484.75,6483.25,6483.5,480
2026-10-01 19:10:00,6483.5,6483.75,6480.75,6481.5,537
2026-10-01 19:15:00,6481.5,6481.75,6481.0,6481.0,954
2026-10-01 19:20:00,6481.0,6482.0,6480.75,6481.5,768
2026-10-01 19:25:00,6481.5,6481.75,6479.5,6479.75,549
2026-10-01 19:30:00,6479.75,6479.75,6476.5,6477.25,639
2026-10-01 19:35:00,6477.25,6478.0,6476.75,6477.5,705
2026-10-01 19:40:00,6477.5,6477.75,6477.0,6477.75,603
2026-10-01 19:45:00,6477.75,6478.0,6476.25,6476.5,543
2026-10-01 19:50:00,6476.5,6477.0,6475.0,6475.25,1170
2026-10-01 19:55:00,6475.25,6475.25,6473.75,6474.5,768
2026-10-01 20:00:00,6474.5,6476.5,6474.25,6476.5,930
2026-10-01 20:05:00,6476.5,6478.75,6475.75,6477.75,435
2026-10-01 20:10:00,6477.75,6477.75,6477.0,6477.75,738
2026-10-01 20:15:00,6477.75,6481.0,6477.75,6480.5,684
2026-10-01 20:20:00,6480.5,6480.75,6479.0,6479.0,1404
2026-10-01 20:25:00,6479.0,6480.75,6478.0,6480.25,1035
2026-10-01 20:30:00,6480.25,6481.75,6479.75,6481.25,609
2026-10-01 20:35:00,6481.25,6481.25,6479.0,6479.25,597
2026-10-01 20:40:00,6479.25,6479.5,6478.5,6478.5,843
2026-10-01 20:45:00,6478.5,6478.5,6477.5,6478.5,810
2026-10-01 20:50:00,6478.5,6479.0,6478.0,6478.5,1050
2026-10-01 20:55:00,6478.5,6479.25,6477.0,6478.25,705
2026-10-01 21:00:00,6478.25,6478.25,6477.25,6477.75,753
2026-10-01 21:05:00,6477.75,6478.5,6475.0,6475.25,405
2026-10-01 21:10:00,6475.25,6475.75,6474.5,6474.75,1017
2026-10-01 21:15:00,6474.75,6475.0,6474.0,6474.75,768
2026-10-01 21:20:00,6474.75,6475.0,6473.0,6473.25,438
2026-10-01 21:25:00,6473.25,6473.75,6471.0,6472.0,633
2026-10-01 21:30:00,6472.0,6473.25,6472.0,6473.0,636
2026-10-01 21:35:00,6473.0,6473.25,6472.75,6472.75,993
2026-10-01 21:40:00,6472.75,6473.25,6472.0,6472.0,915
2026-10-01 21:45:00,6472.0,6472.5,6470.5,6471.25,591
2026-10-01 21:50:00,6471.25,6472.0,6469.75,6470.25,525
2026-10-01 21:55:00,6470.25,6470.75,6467.5,6467.75,441
2026-10-01 22:00:00,6467.75,6469.0,6466.75,6468.75,489
2026-10-01 22:05:00,6468.75,6471.75,6467.75,6471.25,741
2026-10-01 22:10:00,6471.25,6471.75,6470.75,6471.0,957
2026-10-01 22:15:00,6471.0,6471.5,6470.75,6471.25,648
2026-10-01 22:20:00,6471.25,6472.25,6469.5,6470.75,795
2026-10-01 22:25:00,6470.75,6470.75,6470.5,6470.75,465
2026-10-01 22:30:00,6470.75,6471.25,6470.5,6470.5,675
2026-10-01 22:35:00,6470.5,6471.0,6470.5,6471.0,438
2026-10-01 22:40:00,6471.0,6471.75,6470.25,6471.0,282
2026-10-01 22:45:00,6471.0,6472.0,6470.75,6471.5,1050
2026-10-01 22:50:00,6471.5,6472.0,6470.25,6470.25,600
2026-10-01 22:55:00,6470.25,6470.75,6468.0,6468.25,297
2026-10-01 23:00:00,6468.25,6470.75,6467.25,6470.5,954
2026-10-01 23:05:00,6470.5,6471.0,6470.5,6470.75,1143
2026-10-01 23:10:00,6470.75,6472.75,6470.0,6472.75,420
2026-10-01 23:15:00,6472.75,6472.75,6471.0,6471.25,708
2026-10-01 23:20:00,6471.25,6473.0,6470.75,6472.75,528
2026-10-01 23:25:00,6472.75,6473.0,6469.0,6469.25,348
2026-10-01 23:30:00,6469.25,6471.75,6468.5,6471.5,483
2026-10-01 23:35:00,6471.5,6471.75,6468.75,6469.5,1119
2026-10-01 23:40:00,6469.5,6470.75,6469.0,6470.25,696
2026-10-01 23:45:00,6470.25,6470.75,6468.0,6468.25,699
2026-10-01 23:50:00,6468.25,6468.5,6467.75,6467.75,579
2026-10-01 23:55:00,6467.75,6468.25,6465.75,6466.25,474
2026-10-02 00:00:00,6466.25,6467.0,6464.5,6464.75,318
2026-10-02 00:05:00,6464.75,6467.0,6464.5,6466.5,1056
2026-10-02 00:10:00,6466.5,6466.5,6463.0,6463.75,1248
2026-10-02 00:15:00,6463.75,6464.5,6463.0,6463.75,462
2026-10-02 00:20:00,6463.75,6464.0,6462.25,6462.75,1842
2026-10-02 00:25:00,6462.75,6463.75,6462.0,6463.75,885
2026-10-02 00:30:00,6463.75,6463.75,6462.25,6462.25,576
2026-10-02 00:35:00,6462.25,6463.0,6461.0,6461.25,582
2026-10-02 00:40:00,6461.25,6464.25,6460.5,6464.0,849
2026-10-02 00:45:00,6464.0,6467.25,6463.25,6467.0,387
2026-10-02 00:50:00,6467.0,6468.0,6465.75,6466.0,609
2026-10-02 00:55:00,6466.0,6467.0,6465.75,6466.5,600
2026-10-02 01:00:00,6466.5,6467.25,6464.75,6466.0,639
2026-10-02 01:05:00,6466.0,6467.5,6465.25,6467.25,993
2026-10-02 01:10:00,6467.25,6467.75,6464.0,6464.5,753
2026-10-02 01:15:00,6464.5,6464.75,6463.25,6463.5,639
2026-10-02 01:20:00,6463.5,6464.25,6462.75,6463.25,417
2026-10-02 01:25:00,6463.25,6464.5,6462.75,6464.0,393
2026-10-02 01:30:00,6464.0,6464.75,6463.0,6463.5,903
2026-10-02 01:35:00,6463.5,6464.0,6462.5,6462.75,714
2026-10-02 01:40:00,6462.75,6463.25,6462.0,6462.75,819
2026-10-02 01:45:00,6462.75,6464.0,6462.25,6463.75,723
2026-10-02 01:50:00,6463.75,6466.0,6463.0,6464.75,915
2026-10-02 01:55:00,6464.75,6467.0,6464.5,6466.25,513
2026-10-02 02:00:00,6466.25,6466.5,6464.0,6464.25,549
2026-10-02 02:05:00,6464.25,6465.0,6462.75,6463.25,717
2026-10-02 02:10:00,6463.25,6465.0,6462.25,6464.75,585
2026-10-02 02:15:00,6464.75,6464.75,6463.0,6463.25,354
2026-10-02 02:20:00,6463.25,6464.0,6460.75,6460.75,1092
2026-10-02 02:25:00,6460.75,6461.25,6459.0,6461.0,675
2026-10-02 02:30:00,6461.0,6461.25,6459.75,6460.25,1068
2026-10-02 02:35:00,6460.25,6461.25,6458.5,6459.25,507
2026-10-02 02:40:00,6459.25,6460.25,6457.75,6458.75,723
2026-10-02 02:45:00,6458.75,6459.75,6456.5,6457.0,900
2026-10-02 02:50:00,6457.0,6457.5,6456.0,6457.0,414
2026-10-02 02:55:00,6457.0,6457.5,6454.75,6454.75,1026
2026-10-02 03:00:00,6454.75,6455.25,6453.75,6453.75,729
2026-10-02 03:05:00,6453.75,6455.75,6453.5,6455.5,1872
2026-10-02 03:10:00,6455.5,6457.75,6455.0,6457.5,510
2026-10-02 03:15:00,6457.5,6458.5,6454.5,6455.0,462
2026-10-02 03:20:00,6455.0,6455.75,6455.0,6455.5,615
2026-10-02 03:25:00,6455.5,6456.0,6453.75,6454.5,648
2026-10-02 03:30:00,6454.5,6455.5,6453.5,6455.25,873
2026-10-02 03:35:00,6455.25,6455.5,6453.75,6454.0,690
2026-10-02 03:40:00,6454.0,6454.5,6451.0,6452.0,807
2026-10-02 03:45:00,6452.0,6452.25,6448.5,6449.0,1350
2026-10-02 03:50:00,6449.0,6451.5,6448.25,6450.75,957
2026-10-02 03:55:00,6450.75,6453.75,6450.75,6452.5,783
2026-10-02 04:00:00,6452.5,6454.0,6451.75,6453.5,795
2026-10-02 04:05:00,6453.5,6453.75,6452.25,6452.75,1620
2026-10-02 04:10:00,6452.75,6453.25,6451.0,6451.0,768
2026-10-02 04:15:00,6451.0,6451.5,6450.25,6450.75,795
2026-10-02 04:20:00,6450.75,6451.25,6450.25,6451.0,471
2026-10-02 04:25:00,6451.0,6452.25,6450.75,6451.75,597
2026-10-02 04:30:00,6451.75,6451.75,6451.0,6451.75,1101
2026-10-02 04:35:00,6451.75,6453.75,6451.5,6453.25,930
2026-10-02 04:40:00,6453.25,6455.25,6453.25,6455.25,468
2026-10-02 04:45:00,6455.25,6455.25,6454.25,6454.75,396
2026-10-02 04:50:00,6454.75,6456.5,6454.5,6456.0,648
2026-10-02 04:55:00,6456.0,6456.5,6454.25,6454.75,1734
2026-10-02 05:00:00,6454.75,6456.0,6454.5,6455.5,459
2026-10-02 05:05:00,6455.5,6456.0,6454.25,6455.0,633
2026-10-02 05:10:00,6455.0,6457.75,6454.75,6456.5,726
2026-10-02 05:15:00,6456.5,6460.0,6456.5,6459.25,618
2026-10-02 05:20:00,6459.25,6460.0,6458.5,6458.75,471
2026-10-02 05:25:00,6458.75,6459.25,6457.25,6457.25,510
2026-10-02 05:30:00,6457.25,6459.5,6456.5,6458.75,1260
2026-10-02 05:35:00,6458.75,6459.75,6458.5,6459.25,852
2026-10-02 05:40:00,6459.25,6460.25,6459.25,6460.0,579
2026-10-02 05:45:00,6460.0,6462.0,6459.5,6461.5,612
2026-10-02 05:50:00,6461.5,6464.0,6461.5,6463.75,921
2026-10-02 05:55:00,6463.75,6465.0,6462.0,6462.5,1200
2026-10-02 06:00:00,6462.5,6465.0,6462.5,6464.5,756
2026-10-02 06:05:00,6464.5,6465.25,6461.25,6461.5,1263
2026-10-02 06:10:00,6461.5,6462.0,6461.25,6461.5,894
2026-10-02 06:15:00,6461.5,6464.0,6461.5,6463.0,537
2026-10-02 06:20:00,6463.0,6463.5,6462.75,6463.25,798
2026-10-02 06:25:00,6463.25,6464.5,6462.75,6464.0,777
2026-10-02 06:30:00,6464.0,6466.25,6463.75,6465.25,810
2026-10-02 06:35:00,6465.25,6466.0,6464.75,6465.5,447
2026-10-02 06:40:00,6465.5,6466.0,6461.75,6462.25,585
2026-10-02 06:45:00,6462.25,6464.25,6461.75,6463.75,474
2026-10-02 06:50:00,6463.75,6464.5,6463.5,6464.5,651
2026-10-02 06:55:00,6464.5,6464.75,6463.25,6463.75,690
2026-10-02 07:00:00,6463.75,6465.25,6463.5,6464.75,660
2026-10-02 07:05:00,6464.75,6466.0,6462.75,6463.25,801
2026-10-02 07:10:00,6463.25,6464.0,6462.5,6463.25,675
2026-10-02 07:15:00,6463.25,6463.5,6462.75,6463.25,1011
2026-10-02 07:20:00,6463.25,6463.5,6462.25,6463.25,627
2026-10-02 07:25:00,6463.25,6465.75,6462.75,6465.5,516
2026-10-02 07:30:00,6465.5,6465.75,6464.0,6464.5,423
2026-10-02 07:35:00,6464.5,6464.75,6463.25,6463.5,633
2026-10-02 07:40:00,6463.5,6463.5,6461.75,6461.75,492
2026-10-02 07:45:00,6461.75,6464.5,6461.5,6464.0,309
2026-10-02 07:50:00,6464.0,6464.0,6461.5,6462.0,879
2026-10-02 07:55:00,6462.0,6462.25,6459.25,6460.25,519
2026-10-02 08:00:00,6460.25,6462.75,6459.75,6462.25,507
2026-10-02 08:05:00,6462.25,6462.25,6461.25,6461.75,837
2026-10-02 08:10:00,6461.75,6463.5,6461.5,6462.75,711
2026-10-02 08:15:00,6462.75,6463.25,6461.75,6462.0,393
2026-10-02 08:20:00,6462.0,6465.25,6461.75,6465.0,675
2026-10-02 08:25:00,6465.0,6465.25,6464.0,6464.5,561
2026-10-02 08:30:00,6464.5,6464.5,6463.0,6463.0,435
2026-10-02 08:35:00,6463.0,6463.5,6461.75,6462.25,993
2026-10-02 08:40:00,6462.25,6462.25,6460.75,6461.0,669
2026-10-02 08:45:00,6461.0,6461.25,6458.75,6459.25,846
2026-10-02 08:50:00,6459.25,6462.5,6458.75,6461.75,696
2026-10-02 08:55:00,6461.75,6462.0,6461.5,6461.75,960
2026-10-02 09:00:00,6461.75,6462.5,6461.5,6462.0,1113
2026-10-02 09:05:00,6462.0,6462.25,6459.5,6460.0,750
2026-10-02 09:10:00,6460.0,6461.0,6459.0,6460.75,1599
2026-10-02 09:15:00,6460.75,6460.75,6458.25,6459.0,537
2026-10-02 09:20:00,6459.0,6459.5,6458.75,6459.25,924
2026-10-02 09:25:00,6459.25,6460.25,6458.75,6459.5,645
2026-10-02 09:30:00,6459.5,6459.75,6457.5,6457.75,6870
2026-10-02 09:35:00,6457.75,6459.0,6457.5,6458.0,5622
2026-10-02 09:40:00,6458.0,6459.75,6453.0,6455.75,2664
2026-10-02 09:45:00,6455.75,6458.0,6449.25,6451.0,3939
2026-10-02 09:50:00,6451.0,6454.0,6448.0,6448.25,2964
2026-10-02 09:55:00,6448.25,6454.5,6446.0,6454.0,4884
2026-10-02 10:00:00,6454.0,6456.75,6453.25,6456.25,5301
2026-10-02 10:05:00,6456.25,6457.25,6452.75,6454.0,3822
2026-10-02 10:10:00,6454.0,6454.75,6450.5,6453.0,4824
2026-10-02 10:15:00,6453.0,6458.0,6451.75,6455.25,5205
2026-10-02 10:20:00,6455.25,6459.0,6453.5,6458.25,4197
2026-10-02 10:25:00,6458.25,6463.5,6457.0,6460.75,5868
2026-10-02 10:30:00,6460.75,6465.5,6460.5,6463.5,5115
2026-10-02 10:35:00,6463.5,6464.0,6463.25,6463.75,3432
2026-10-02 10:40:00,6463.75,6464.75,6462.25,6464.5,5808
2026-10-02 10:45:00,6464.5,6465.0,6463.75,6463.75,5220
2026-10-02 10:50:00,6463.75,6465.5,6462.5,6465.0,3219
2026-10-02 10:55:00,6465.0,6465.25,6457.75,6459.0,2340
2026-10-02 11:00:00,6459.0,6460.0,6456.5,6457.75,5658
2026-10-02 11:05:00,6457.75,6458.75,6453.25,6454.25,3864
2026-10-02 11:10:00,6454.25,6458.5,6452.25,6457.75,4752
2026-10-02 11:15:00,6457.75,6457.75,6454.5,6455.0,6444
2026-10-02 11:20:00,6455.0,6455.25,6453.0,6454.5,3633
2026-10-02 11:25:00,6454.5,6455.0,6450.25,6450.75,5088
2026-10-02 11:30:00,6450.75,6451.5,6449.25,6450.25,2694
2026-10-02 11:35:00,6450.25,6452.0,6449.25,6450.0,6531
2026-10-02 11:40:00,6450.0,6451.25,6449.25,6451.0,3261
2026-10-02 11:45:00,6451.0,6451.5,6444.5,6445.25,4845
2026-10-02 11:50:00,6445.25,6447.75,6442.75,6444.0,3573
2026-10-02 11:55:00,6444.0,6447.75,6443.25,6446.5,3393
2026-10-02 12:00:00,6446.5,6447.5,6441.0,6442.0,2601
2026-10-02 12:05:00,6442.0,6447.5,6440.25,6446.75,1911
2026-10-02 12:10:00,6446.75,6449.75,6445.75,6448.25,2955
2026-10-02 12:15:00,6448.25,6452.0,6447.75,6451.25,3219
2026-10-02 12:20:00,6451.25,6452.25,6447.25,6448.25,6174
2026-10-02 12:25:00,6448.25,6448.75,6443.5,6444.0,4167
2026-10-02 12:30:00,6444.0,6444.25,6443.5,6443.75,4392
2026-10-02 12:35:00,6443.75,6445.0,6441.75,6444.5,3450
2026-10-02 12:40:00,6444.5,6451.0,6443.5,6450.0,2568
2026-10-02 12:45:00,6450.0,6452.25,6449.75,6451.0,4443
2026-10-02 12:50:00,6451.0,6457.75,6449.5,6456.5,6075
2026-10-02 12:55:00,6456.5,6456.75,6449.25,6451.25,2820
2026-10-02 13:00:00,6451.25,6451.25,6448.75,6449.25,5883
2026-10-02 13:05:00,6449.25,6451.75,6448.75,6450.0,1995
2026-10-02 13:10:00,6450.0,6451.75,6448.5,6450.0,1989
2026-10-02 13:15:00,6450.0,6451.0,6448.75,6450.25,2541
2026-10-02 13:20:00,6450.25,6451.5,6448.25,6448.75,2439
2026-10-02 13:25:00,6448.75,6452.25,6445.25,6447.25,3495
2026-10-02 13:30:00,6447.25,6448.5,6443.5,6443.5,7917
2026-10-02 13:35:00,6443.5,6443.75,6441.25,6443.0,2454
2026-10-02 13:40:00,6443.0,6443.25,6441.5,6442.75,4017
2026-10-02 13:45:00,6442.75,6448.75,6441.5,6448.0,3126
2026-10-02 13:50:00,6448.0,6453.0,6447.0,6452.25,6606
2026-10-02 13:55:00,6452.25,6453.5,6448.5,6449.25,3993
2026-10-02 14:00:00,6449.25,6451.75,6448.5,6451.25,5046
2026-10-02 14:05:00,6451.25,6452.75,6448.25,6450.25,1584
2026-10-02 14:10:00,6450.25,6450.75,6446.5,6447.0,3924
2026-10-02 14:15:00,6447.0,6448.0,6442.5,6442.75,6786
2026-10-02 14:20:00,6442.75,6442.75,6442.25,6442.5,5079
2026-10-02 14:25:00,6442.5,6443.25,6441.25,6441.5,3615
2026-10-02 14:30:00,6441.5,6441.75,6439.0,6439.25,4629
2026-10-02 14:35:00,6439.25,6439.75,6435.25,6435.5,3576
2026-10-02 14:40:00,6435.5,6436.5,6435.25,6436.0,5259
2026-10-02 14:45:00,6436.0,6439.75,6435.0,6438.75,10446
2026-10-02 14:50:00,6438.75,6441.5,6438.25,6440.75,5004
2026-10-02 14:55:00,6440.75,6442.25,6440.75,6442.0,6396
2026-10-02 15:00:00,6442.0,6443.0,6439.0,6442.0,2958
2026-10-02 15:05:00,6442.0,6443.75,6442.0,6443.25,5931
2026-10-02 15:10:00,6443.25,6449.0,6441.5,6446.75,3909
2026-10-02 15:15:00,6446.75,6455.0,6444.5,6453.0,5730
2026-10-02 15:20:00,6453.0,6457.5,6452.75,6456.0,6306
2026-10-02 15:25:00,6456.0,6457.0,6453.75,6454.0,6705
2026-10-02 15:30:00,6454.0,6456.25,6451.0,6454.75,9087
2026-10-02 15:35:00,6454.75,6456.75,6450.25,6451.75,7536
2026-10-02 15:40:00,6451.75,6453.5,6450.25,6451.0,5610
2026-10-02 15:45:00,6451.0,6453.5,6450.75,6452.0,4968
2026-10-02 15:50:00,6452.0,6453.25,6451.5,6452.75,6564
2026-10-02 15:55:00,6452.75,6454.0,6451.25,6451.5,6945
2026-10-02 16:00:00,6451.5,6452.0,6449.0,6449.25,270
2026-10-02 16:05:00,6449.25,6449.25,6448.0,6449.0,594
2026-10-02 16:10:00,6449.0,6449.25,6447.75,6447.75,858
2026-10-02 16:15:00,6447.75,6449.25,6447.25,6449.0,837
2026-10-02 16:20:00,6449.0,6450.0,6449.0,6449.75,882
2026-10-02 16:25:00,6449.75,6450.0,6449.25,6449.5,336
2026-10-02 16:30:00,6449.5,6449.5,6447.75,6448.25,597
2026-10-02 16:35:00,6448.25,6448.5,6443.75,6444.75,642
2026-10-02 16:40:00,6444.75,6445.75,6444.75,6445.0,1371
2026-10-02 16:45:00,6445.0,6445.25,6443.75,6444.25,555
2026-10-02 16:50:00,6444.25,6444.75,6442.5,6442.75,510
2026-10-02 16:55:00,6442.75,6443.25,6440.25,6440.5,879
2026-10-04 18:00:00,6440.5,6441.25,6437.5,6438.75,978
2026-10-04 18:05:00,6438.75,6439.0,6436.5,6437.5,855
2026-10-04 18:10:00,6437.5,6438.25,6435.0,6436.0,1146
2026-10-04 18:15:00,6436.0,6436.25,6434.5,6435.0,447
2026-10-04 18:20:00,6435.0,6435.0,6431.0,6431.5,594
2026-10-04 18:25:00,6431.5,6431.75,6431.0,6431.75,690
2026-10-04 18:30:00,6431.75,6431.75,6428.5,6429.25,546
2026-10-04 18:35:00,6429.25,6430.0,6428.75,6429.75,657
2026-10-04 18:40:00,6429.75,6430.5,6428.5,6428.5,453
2026-10-04 18:45:00,6428.5,6429.5,6428.5,6429.25,693
2026-10-04 18:50:00,6429.25,6429.5,6426.75,6427.5,1032
2026-10-04 18:55:00,6427.5,6428.75,6427.0,6428.5,801
2026-10-04 19:00:00,6428.5,6429.0,6427.25,6428.25,591
2026-10-04 19:05:00,6428.25,6428.75,6426.75,6427.5,510
2026-10-04 19:10:00,6427.5,6428.75,6427.0,6428.25,459
2026-10-04 19:15:00,6428.25,6429.0,6425.0,6425.25,891
2026-10-04 19:20:00,6425.25,6425.75,6425.0,6425.5,438
2026-10-04 19:25:00,6425.5,6427.75,6425.25,6427.0,405
2026-10-04 19:30:00,6427.0,6427.5,6425.0,6425.25,501
2026-10-04 19:35:00,6425.25,6426.0,6423.5,6424.0,558
2026-10-04 19:40:00,6424.0,6426.0,6423.75,6425.75,909
2026-10-04 19:45:00,6425.75,6430.25,6425.75,6429.75,486
2026-10-04 19:50:00,6429.75,6432.25,6429.25,6432.0,609
2026-10-04 19:55:00,6432.0,6432.25,6431.75,6432.25,462
2026-10-04 20:00:00,6432.25,6433.25,6432.0,6432.75,1002
2026-10-04 20:05:00,6432.75,6434.0,6432.25,6433.0,630
2026-10-04 20:10:00,6433.0,6435.25,6432.0,6435.0,165
2026-10-04 20:15:00,6435.0,6436.25,6434.25,6435.5,573
2026-10-04 20:20:00,6435.5,6435.75,6434.0,6434.0,801
2026-10-04 20:25:00,6434.0,6434.75,6431.5,6432.0,537
2026-10-04 20:30:00,6432.0,6432.5,6430.5,6431.25,678
2026-10-04 20:35:00,6431.25,6431.75,6431.0,6431.25,549
2026-10-04 20:40:00,6431.25,6431.5,6429.5,6429.5,564
2026-10-04 20:45:00,6429.5,6431.0,6429.0,6430.75,423
2026-10-04 20:50:00,6430.75,6432.75,6430.75,6432.75,894
2026-10-04 20:55:00,6432.75,6433.25,6431.5,6431.75,1056
2026-10-04 21:00:00,6431.75,6433.75,6431.5,6433.5,582
2026-10-04 21:05:00,6433.5,6434.5,6433.25,6434.25,357
2026-10-04 21:10:00,6434.25,6438.5,6433.5,6437.75,657
2026-10-04 21:15:00,6437.75,6438.75,6437.5,6438.5,315
2026-10-04 21:20:00,6438.5,6440.75,6438.0,6440.5,483
2026-10-04 21:25:00,6440.5,6441.0,6439.25,6440.75,531
2026-10-04 21:30:00,6440.75,6440.75,6439.75,6440.25,549
2026-10-04 21:35:00,6440.25,6441.25,6439.75,6440.5,933
2026-10-04 21:40:00,6440.5,6440.75,6440.0,6440.25,297
2026-10-04 21:45:00,6440.25,6444.5,6440.0,6444.0,1353
2026-10-04 21:50:00,6444.0,6444.5,6441.25,6441.5,480
2026-10-04 21:55:00,6441.5,6443.25,6440.75,6442.5,612
2026-10-04 22:00:00,6442.5,6444.0,6442.5,6442.75,846
2026-10-04 22:05:00,6442.75,6444.5,6442.25,6444.25,954
2026-10-04 22:10:00,6444.25,6444.5,6442.5,6442.75,438
2026-10-04 22:15:00,6442.75,6443.5,6442.0,6442.25,660
2026-10-04 22:20:00,6442.25,6442.5,6441.5,6442.25,1218
2026-10-04 22:25:00,6442.25,6442.25,6442.0,6442.0,930
2026-10-04 22:30:00,6442.0,6442.25,6441.5,6442.0,1080
2026-10-04 22:35:00,6442.0,6442.5,6440.25,6440.75,864
2026-10-04 22:40:00,6440.75,6441.5,6440.25,6441.25,648
2026-10-04 22:45:00,6441.25,6441.75,6440.0,6440.75,318
2026-10-04 22:50:00,6440.75,6443.5,6440.75,6443.0,492
2026-10-04 22:55:00,6443.0,6444.5,6442.25,6444.5,1086
2026-10-04 23:00:00,6444.5,6445.0,6442.0,6442.5,630
2026-10-04 23:05:00,6442.5,6443.75,6442.25,6443.5,573
2026-10-04 23:10:00,6443.5,6447.25,6442.5,6446.25,819
2026-10-04 23:15:00,6446.25,6448.5,6445.25,6448.0,516
2026-10-04 23:20:00,6448.0,6453.25,6447.75,6452.5,1041
2026-10-04 23:25:00,6452.5,6452.75,6450.75,6450.75,684
2026-10-04 23:30:00,6450.75,6451.25,6449.75,6450.25,666
2026-10-04 23:35:00,6450.25,6451.5,6450.25,6450.75,807
2026-10-04 23:40:00,6450.75,6451.25,6449.5,6451.0,405
2026-10-04 23:45:00,6451.0,6452.5,6449.75,6452.25,1032
2026-10-04 23:50:00,6452.25,6454.75,6452.0,6454.25,966
2026-10-04 23:55:00,6454.25,6455.0,6454.25,6454.75,1320
2026-10-05 00:00:00,6454.75,6457.0,6454.0,6456.75,381
2026-10-05 00:05:00,6456.75,6457.0,6455.75,6456.0,387
2026-10-05 00:10:00,6456.0,6459.0,6455.75,6458.75,429
2026-10-05 00:15:00,6458.75,6458.75,6458.5,6458.75,1041
2026-10-05 00:20:00,6458.75,6459.5,6456.5,6456.5,414
2026-10-05 00:25:00,6456.5,6457.0,6455.5,6455.75,939
2026-10-05 00:30:00,6455.75,6456.0,6454.0,6454.25,471
2026-10-05 00:35:00,6454.25,6454.5,6453.75,6454.0,657
2026-10-05 00:40:00,6454.0,6454.75,6453.25,6453.75,1152
2026-10-05 00:45:00,6453.75,6454.0,6453.0,6453.25,714
2026-10-05 00:50:00,6453.25,6453.5,6450.25,6450.75,702
2026-10-05 00:55:00,6450.75,6451.0,6447.75,6448.75,453
2026-10-05 01:00:00,6448.75,6449.75,6448.25,6449.25,1173
2026-10-05 01:05:00,6449.25,6449.25,6448.0,6448.25,1014
2026-10-05 01:10:00,6448.25,6449.25,6447.0,6447.25,666
2026-10-05 01:15:00,6447.25,6447.25,6446.75,6447.0,459
2026-10-05 01:20:00,6447.0,6448.5,6446.75,6448.5,498
2026-10-05 01:25:00,6448.5,6449.25,6447.0,6448.0,1062
2026-10-05 01:30:00,6448.0,6449.75,6448.0,6449.5,576
2026-10-05 01:35:00,6449.5,6450.75,6449.25,6449.5,1167
2026-10-05 01:40:00,6449.5,6453.0,6448.75,6452.0,453
2026-10-05 01:45:00,6452.0,6452.5,6450.75,6451.5,897
2026-10-05 01:50:00,6451.5,6452.0,6451.25,6451.75,528
2026-10-05 01:55:00,6451.75,6452.5,6451.0,6451.25,711
2026-10-05 02:00:00,6451.25,6451.75,6449.5,6449.5,843
2026-10-05 02:05:00,6449.5,6449.5,6448.25,6448.5,525
2026-10-05 02:10:00,6448.5,6448.75,6446.5,6446.5,327
2026-10-05 02:15:00,6446.5,6446.75,6445.75,6445.75,333
2026-10-05 02:20:00,6445.75,6446.5,6445.25,6445.75,630
2026-10-05 02:25:00,6445.75,6446.0,6444.75,6445.25,429
2026-10-05 02:30:00,6445.25,6445.75,6443.0,6444.0,678
2026-10-05 02:35:00,6444.0,6446.25,6442.75,6445.75,522
2026-10-05 02:40:00,6445.75,6446.5,6443.5,6443.75,615
2026-10-05 02:45:00,6443.75,6444.25,6442.75,6443.25,456
2026-10-05 02:50:00,6443.25,6444.75,6443.0,6444.25,1677
2026-10-05 02:55:00,6444.25,6446.25,6444.25,6445.75,633
2026-10-05 03:00:00,6445.75,6447.25,6445.25,6446.5,516
2026-10-05 03:05:00,6446.5,6447.0,6446.5,6446.75,501
2026-10-05 03:10:00,6446.75,6449.5,6446.25,6449.5,948
2026-10-05 03:15:00,6449.5,6451.25,6449.0,6451.0,783
2026-10-05 03:20:00,6451.0,6451.75,6450.5,6450.75,819
2026-10-05 03:25:00,6450.75,6452.25,6450.75,6451.5,777
2026-10-05 03:30:00,6451.5,6454.0,6451.25,6453.0,579
2026-10-05 03:35:00,6453.0,6454.0,6452.25,6453.25,654
2026-10-05 03:40:00,6453.25,6453.5,6451.0,6451.5,672
2026-10-05 03:45:00,6451.5,6452.0,6451.25,6451.75,600
2026-10-05 03:50:00,6451.75,6454.5,6451.25,6453.0,444
2026-10-05 03:55:00,6453.0,6454.25,6452.5,6454.0,594
2026-10-05 04:00:00,6454.0,6455.0,6452.5,6453.0,426
2026-10-05 04:05:00,6453.0,6454.75,6452.75,6454.5,678
2026-10-05 04:10:00,6454.5,6454.75,6453.5,6454.75,744
2026-10-05 04:15:00,6454.75,6455.5,6454.0,6455.5,405
2026-10-05 04:20:00,6455.5,6456.0,6453.25,6453.25,777
2026-10-05 04:25:00,6453.25,6453.75,6452.25,6453.75,402
2026-10-05 04:30:00,6453.75,6455.25,6453.5,6455.0,621
2026-10-05 04:35:00,6455.0,6457.25,6454.0,6456.75,450
2026-10-05 04:40:00,6456.75,6460.0,6455.75,6459.5,621
2026-10-05 04:45:00,6459.5,6460.5,6459.5,6460.25,1041
2026-10-05 04:50:00,6460.25,6460.75,6459.0,6459.75,1047
2026-10-05 04:55:00,6459.75,6461.25,6459.25,6460.25,696
2026-10-05 05:00:00,6460.25,6462.75,6460.0,6462.0,408
2026-10-05 05:05:00,6462.0,6466.25,6461.75,6465.75,333
2026-10-05 05:10:00,6465.75,6466.0,6465.25,6465.75,675
2026-10-05 05:15:00,6465.75,6466.25,6463.75,6464.5,1515
2026-10-05 05:20:00,6464.5,6465.5,6464.25,6465.5,489
2026-10-05 05:25:00,6465.5,6466.0,6464.5,6464.5,675
2026-10-05 05:30:00,6464.5,6465.0,6464.0,6464.75,495
2026-10-05 05:35:00,6464.75,6464.75,6462.5,6463.25,924
2026-10-05 05:40:00,6463.25,6464.0,6462.5,6463.0,693
2026-10-05 05:45:00,6463.0,6463.25,6462.0,6462.0,783
2026-10-05 05:50:00,6462.0,6462.25,6460.25,6460.5,537
2026-10-05 05:55:00,6460.5,6460.75,6460.0,6460.0,1356
2026-10-05 06:00:00,6460.0,6460.0,6458.75,6458.75,1053
2026-10-05 06:05:00,6458.75,6459.5,6457.75,6458.25,393
2026-10-05 06:10:00,6458.25,6458.25,6457.0,6457.5,729
2026-10-05 06:15:00,6457.5,6457.75,6456.5,6457.75,675
2026-10-05 06:20:00,6457.75,6457.75,6457.0,6457.25,399
2026-10-05 06:25:00,6457.25,6458.25,6457.0,6457.75,627
2026-10-05 06:30:00,6457.75,6458.75,6457.0,6457.0,672
2026-10-05 06:35:00,6457.0,6457.5,6454.25,6454.75,816
2026-10-05 06:40:00,6454.75,6456.75,6454.25,6456.5,924
2026-10-05 06:45:00,6456.5,6456.75,6455.75,6456.5,1215
2026-10-05 06:50:00,6456.5,6458.0,6456.0,6457.25,831
2026-10-05 06:55:00,6457.25,6458.75,6456.25,6458.5,1008
2026-10-05 07:00:00,6458.5,6459.25,6458.0,6459.25,867
2026-10-05 07:05:00,6459.25,6462.0,6459.25,6461.0,630
2026-10-05 07:10:00,6461.0,6461.25,6458.5,6459.5,1455
2026-10-05 07:15:00,6459.5,6460.25,6458.5,6458.75,978
2026-10-05 07:20:00,6458.75,6459.25,6456.0,6456.75,513
2026-10-05 07:25:00,6456.75,6458.0,6456.25,6457.75,951
2026-10-05 07:30:00,6457.75,6458.75,6457.25,6458.5,306
2026-10-05 07:35:00,6458.5,6459.0,6457.25,6457.5,366
2026-10-05 07:40:00,6457.5,6459.0,6457.25,6458.75,513
2026-10-05 07:45:00,6458.75,6461.25,6457.75,6460.5,360
2026-10-05 07:50:00,6460.5,6462.25,6460.5,6461.25,1203
2026-10-05 07:55:00,6461.25,6463.5,6461.25,6463.5,1263
2026-10-05 08:00:00,6463.5,6466.25,6463.25,6465.5,849
2026-10-05 08:05:00,6465.5,6467.25,6465.0,6467.0,1140
2026-10-05 08:10:00,6467.0,6468.75,6467.0,6468.5,1011
2026-10-05 08:15:00,6468.5,6469.75,6467.75,6469.5,516
2026-10-05 08:20:00,6469.5,6470.75,6468.75,6470.75,813
2026-10-05 08:25:00,6470.75,6470.75,6470.75,6470.75,663
2026-10-05 08:30:00,6470.75,6473.25,6470.25,6473.25,513
2026-10-05 08:35:00,6473.25,6473.75,6472.75,6473.75,798
2026-10-05 08:40:00,6473.75,6476.0,6473.25,6474.75,807
2026-10-05 08:45:00,6474.75,6475.0,6473.25,6473.5,648
2026-10-05 08:50:00,6473.5,6474.0,6471.5,6472.25,582
2026-10-05 08:55:00,6472.25,6473.25,6470.25,6470.5,729
2026-10-05 09:00:00,6470.5,6470.75,6467.5,6468.25,564
2026-10-05 09:05:00,6468.25,6468.75,6466.0,6466.5,768
2026-10-05 09:10:00,6466.5,6467.75,6466.25,6466.75,375
2026-10-05 09:15:00,6466.75,6467.75,6466.25,6466.5,468
2026-10-05 09:20:00,6466.5,6467.25,6466.0,6466.0,696
2026-10-05 09:25:00,6466.0,6467.0,6465.75,6466.75,732
2026-10-05 09:30:00,6466.75,6466.75,6462.5,6463.75,6333
2026-10-05 09:35:00,6463.75,6467.5,6462.25,6466.75,3822
2026-10-05 09:40:00,6466.75,6468.5,6466.5,6468.25,5592
2026-10-05 09:45:00,6468.25,6469.5,6464.5,6465.75,6957
2026-10-05 09:50:00,6465.75,6467.75,6463.75,6467.5,6087
2026-10-05 09:55:00,6467.5,6471.25,6467.25,6471.0,5025
2026-10-05 10:00:00,6471.0,6473.25,6467.25,6467.5,3120
2026-10-05 10:05:00,6467.5,6469.25,6465.25,6468.75,3420
2026-10-05 10:10:00,6468.75,6472.25,6468.0,6470.5,2763
2026-10-05 10:15:00,6470.5,6475.0,6470.25,6472.75,5622
2026-10-05 10:20:00,6472.75,6476.25,6472.5,6474.75,4602
2026-10-05 10:25:00,6474.75,6475.75,6470.75,6470.75,5904
2026-10-05 10:30:00,6470.75,6471.25,6467.5,6467.75,3978
2026-10-05 10:35:00,6467.75,6468.0,6465.25,6467.0,3213
2026-10-05 10:40:00,6467.0,6467.75,6466.5,6467.75,5940
2026-10-05 10:45:00,6467.75,6469.0,6466.5,6468.0,2397
2026-10-05 10:50:00,6468.0,6469.75,6466.5,6469.75,3846
2026-10-05 10:55:00,6469.75,6470.75,6469.25,6470.5,2439
2026-10-05 11:00:00,6470.5,6474.25,6470.0,6473.5,1818
2026-10-05 11:05:00,6473.5,6474.25,6473.0,6473.25,5109
2026-10-05 11:10:00,6473.25,6479.5,6472.5,6479.0,4929
2026-10-05 11:15:00,6479.0,6479.75,6476.25,6476.75,4941
2026-10-05 11:20:00,6476.75,6477.0,6472.25,6474.0,7248
2026-10-05 11:25:00,6474.0,6476.5,6473.25,6476.25,4959
2026-10-05 11:30:00,6476.25,6476.75,6474.0,6474.25,6675
2026-10-05 11:35:00,6474.25,6478.5,6474.25,6477.75,4659
2026-10-05 11:40:00,6477.75,6478.5,6476.5,6477.75,6228
2026-10-05 11:45:00,6477.75,6479.75,6477.25,6479.0,2067
2026-10-05 11:50:00,6479.0,6480.75,6478.0,6480.0,3543
2026-10-05 11:55:00,6480.0,6481.25,6478.5,6481.0,3951
2026-10-05 12:00:00,6481.0,6482.75,6479.25,6480.5,3267
2026-10-05 12:05:00,6480.5,6483.25,6480.25,6483.25,4524
2026-10-05 12:10:00,6483.25,6487.0,6482.5,6485.75,3387
2026-10-05 12:15:00,6485.75,6486.5,6482.75,6483.0,4473
2026-10-05 12:20:00,6483.0,6483.25,6481.5,6483.25,2853
2026-10-05 12:25:00,6483.25,6486.5,6481.0,6482.0,5031
2026-10-05 12:30:00,6482.0,6482.5,6481.0,6481.75,2064
2026-10-05 12:35:00,6481.75,6482.0,6478.25,6479.75,3384
2026-10-05 12:40:00,6479.75,6480.0,6476.25,6476.25,2829
2026-10-05 12:45:00,6476.25,6476.5,6471.25,6473.0,1278
2026-10-05 12:50:00,6473.0,6474.25,6471.75,6473.25,3048
2026-10-05 12:55:00,6473.25,6474.5,6469.5,6470.5,2388
2026-10-05 13:00:00,6470.5,6473.25,6470.5,6473.25,2913
2026-10-05 13:05:00,6473.25,6477.25,6471.25,6476.5,4434
2026-10-05 13:10:00,6476.5,6481.25,6474.25,6479.75,4911
2026-10-05 13:15:00,6479.75,6481.0,6478.5,6479.75,5280
2026-10-05 13:20:00,6479.75,6481.75,6479.25,6481.0,2979
2026-10-05 13:25:00,6481.0,6485.5,6481.0,6483.25,3855
2026-10-05 13:30:00,6483.25,6484.0,6477.75,6479.5,2994
2026-10-05 13:35:00,6479.5,6481.0,6478.5,6481.0,5268
2026-10-05 13:40:00,6481.0,6481.5,6478.75,6479.0,4035
2026-10-05 13:45:00,6479.0,6479.25,6474.75,6476.5,3222
2026-10-05 13:50:00,6476.5,6477.75,6474.75,6475.0,2829
2026-10-05 13:55:00,6475.0,6476.0,6469.5,6470.5,2727
2026-10-05 14:00:00,6470.5,6471.0,6467.0,6467.0,2526
2026-10-05 14:05:00,6467.0,6468.75,6465.75,6468.25,4767
2026-10-05 14:10:00,6468.25,6468.5,6465.5,6467.25,6294
2026-10-05 14:15:00,6467.25,6471.25,6466.5,6470.25,4404
2026-10-05 14:20:00,6470.25,6471.5,6468.5,6471.25,5253
2026-10-05 14:25:00,6471.25,6472.25,6469.5,6470.5,5616
2026-10-05 14:30:00,6470.5,6472.0,6468.5,6470.5,3315
2026-10-05 14:35:00,6470.5,6471.0,6467.75,6468.25,3837
2026-10-05 14:40:00,6468.25,6469.25,6468.25,6469.0,7206
2026-10-05 14:45:00,6469.0,6470.5,6466.25,6468.75,4245
2026-10-05 14:50:00,6468.75,6470.0,6466.25,6467.0,7803
2026-10-05 14:55:00,6467.0,6469.5,6465.25,6468.75,4614
2026-10-05 15:00:00,6468.75,6470.75,6466.25,6467.5,7563
2026-10-05 15:05:00,6467.5,6470.0,6466.75,6469.0,8433
2026-10-05 15:10:00,6469.0,6470.0,6467.25,6469.25,4470
2026-10-05 15:15:00,6469.25,6476.5,6469.25,6474.0,8778
2026-10-05 15:20:00,6474.0,6476.5,6470.25,6471.5,4800
2026-10-05 15:25:00,6471.5,6473.75,6469.5,6473.75,5901
2026-10-05 15:30:00,6473.75,6476.5,6469.25,6470.75,10518
2026-10-05 15:35:00,6470.75,6477.75,6470.5,6477.5,3708
2026-10-05 15:40:00,6477.5,6478.5,6471.5,6473.5,3927
2026-10-05 15:45:00,6473.5,6474.0,6473.25,6473.75,3963
2026-10-05 15:50:00,6473.75,6475.75,6471.75,6475.0,4341
2026-10-05 15:55:00,6475.0,6476.25,6474.5,6475.25,5697
2026-10-05 16:00:00,6475.25,6476.75,6474.5,6476.0,765
2026-10-05 16:05:00,6476.0,6476.5,6475.25,6475.5,909
2026-10-05 16:10:00,6475.5,6477.0,6475.0,6477.0,957
2026-10-05 16:15:00,6477.0,6478.5,6476.5,6478.0,570
2026-10-05 16:20:00,6478.0,6479.75,6477.5,6479.75,837
2026-10-05 16:25:00,6479.75,6481.5,6478.75,6480.75,528
2026-10-05 16:30:00,6480.75,6481.5,6479.75,6481.25,609
2026-10-05 16:35:00,6481.25,6482.0,6480.5,6481.5,1674
2026-10-05 16:40:00,6481.5,6484.25,6481.25,6484.0,630
2026-10-05 16:45:00,6484.0,6485.25,6483.5,6485.0,522
2026-10-05 16:50:00,6485.0,6485.5,6484.25,6484.75,1011
2026-10-05 16:55:00,6484.75,6485.25,6482.0,6482.75,645
2026-10-05 18:00:00,6482.75,6483.0,6482.25,6483.0,402
2026-10-05 18:05:00,6483.0,6484.25,6483.0,6484.0,759
2026-10-05 18:10:00,6484.0,6485.5,6484.0,6484.75,618
2026-10-05 18:15:00,6484.75,6485.0,6483.0,6483.0,870
2026-10-05 18:20:00,6483.0,6483.0,6482.25,6482.75,729
2026-10-05 18:25:00,6482.75,6483.5,6481.0,6481.0,486
2026-10-05 18:30:00,6481.0,6481.5,6481.0,6481.25,444
2026-10-05 18:35:00,6481.25,6482.0,6481.0,6481.25,366
2026-10-05 18:40:00,6481.25,6481.5,6480.5,6480.75,690
2026-10-05 18:45:00,6480.75,6481.0,6479.25,6479.5,879
2026-10-05 18:50:00,6479.5,6479.5,6479.25,6479.5,798
2026-10-05 18:55:00,6479.5,6480.25,6478.5,6478.75,579
2026-10-05 19:00:00,6478.75,6481.25,6477.75,6481.0,468
2026-10-05 19:05:00,6481.0,6481.5,6480.0,6481.0,516
2026-10-05 19:10:00,6481.0,6481.75,6480.5,6481.75,2379
2026-10-05 19:15:00,6481.75,6483.75,6481.75,6483.0,804
2026-10-05 19:20:00,6483.0,6483.75,6481.0,6481.5,465
2026-10-05 19:25:00,6481.5,6482.0,6479.25,6480.25,669
2026-10-05 19:30:00,6480.25,6484.5,6479.5,6483.75,372
2026-10-05 19:35:00,6483.75,6485.0,6483.5,6485.0,828
2026-10-05 19:40:00,6485.0,6485.25,6485.0,6485.0,465
2026-10-05 19:45:00,6485.0,6485.5,6483.5,6484.5,972
2026-10-05 19:50:00,6484.5,6484.75,6482.75,6483.5,975
2026-10-05 19:55:00,6483.5,6484.0,6482.75,6483.25,420
2026-10-05 20:00:00,6483.25,6483.5,6482.75,6483.5,576
2026-10-05 20:05:00,6483.5,6484.0,6481.0,6481.75,564
2026-10-05 20:10:00,6481.75,6482.75,6481.25,6481.5,714
2026-10-05 20:15:00,6481.5,6483.5,6480.5,6482.75,846
2026-10-05 20:20:00,6482.75,6483.75,6481.75,6483.0,606
2026-10-05 20:25:00,6483.0,6483.0,6481.0,6481.5,453
2026-10-05 20:30:00,6481.5,6482.5,6479.0,6479.5,468
2026-10-05 20:35:00,6479.5,6480.75,6479.0,6480.25,627
2026-10-05 20:40:00,6480.25,6483.5,6480.25,6483.0,618
2026-10-05 20:45:00,6483.0,6484.25,6482.5,6484.25,726
2026-10-05 20:50:00,6484.25,6484.5,6484.0,6484.0,555
2026-10-05 20:55:00,6484.0,6486.75,6484.0,6486.0,747
2026-10-05 21:00:00,6486.0,6487.5,6485.25,6487.25,432
2026-10-05 21:05:00,6487.25,6487.75,6487.0,6487.25,768
2026-10-05 21:10:00,6487.25,6487.5,6485.25,6485.5,924
2026-10-05 21:15:00,6485.5,6488.25,6484.0,6487.0,846
2026-10-05 21:20:00,6487.0,6487.5,6485.0,6486.0,873
2026-10-05 21:25:00,6486.0,6486.75,6485.5,6486.75,354
2026-10-05 21:30:00,6486.75,6489.75,6486.75,6488.75,390
2026-10-05 21:35:00,6488.75,6489.5,6488.0,6488.25,1068
2026-10-05 21:40:00,6488.25,6488.5,6488.0,6488.25,624
2026-10-05 21:45:00,6488.25,6488.75,6486.75,6487.5,507
2026-10-05 21:50:00,6487.5,6487.75,6487.25,6487.25,423
2026-10-05 21:55:00,6487.25,6489.5,6486.75,6489.25,924
2026-10-05 22:00:00,6489.25,6491.25,6488.75,6491.0,609
2026-10-05 22:05:00,6491.0,6495.0,6490.5,6494.75,714
2026-10-05 22:10:00,6494.75,6497.0,6494.75,6496.25,594
2026-10-05 22:15:00,6496.25,6496.25,6494.5,6495.25,1152
2026-10-05 22:20:00,6495.25,6497.0,6495.0,6497.0,822
2026-10-05 22:25:00,6497.0,6497.5,6495.25,6495.75,540
2026-10-05 22:30:00,6495.75,6496.0,6494.5,6495.0,738
2026-10-05 22:35:00,6495.0,6496.0,6494.5,6495.75,687
2026-10-05 22:40:00,6495.75,6496.0,6493.0,6493.25,1065
2026-10-05 22:45:00,6493.25,6496.5,6493.0,6495.75,495
2026-10-05 22:50:00,6495.75,6496.0,6494.5,6494.75,564
2026-10-05 22:55:00,6494.75,6494.75,6494.25,6494.5,729
2026-10-05 23:00:00,6494.5,6498.5,6494.25,6497.75,528
2026-10-05 23:05:00,6497.75,6499.0,6497.75,6499.0,729
2026-10-05 23:10:00,6499.0,6499.75,6498.0,6498.25,504
2026-10-05 23:15:00,6498.25,6499.0,6497.0,6497.25,501
2026-10-05 23:20:00,6497.25,6497.25,6497.0,6497.0,873
2026-10-05 23:25:00,6497.0,6497.75,6496.25,6496.75,807
2026-10-05 23:30:00,6496.75,6497.25,6495.75,6496.0,660
2026-10-05 23:35:00,6496.0,6497.5,6495.25,6497.5,840
2026-10-05 23:40:00,6497.5,6499.0,6497.5,6498.0,345
2026-10-05 23:45:00,6498.0,6498.5,6496.75,6498.0,756
2026-10-05 23:50:00,6498.0,6500.75,6497.5,6500.25,417
2026-10-05 23:55:00,6500.25,6500.5,6500.0,6500.5,507
2026-10-06 00:00:00,6500.5,6501.25,6500.25,6501.0,696
2026-10-06 00:05:00,6501.0,6502.5,6500.5,6501.75,711
2026-10-06 00:10:00,6501.75,6502.25,6500.5,6501.5,891
2026-10-06 00:15:00,6501.5,6502.0,6500.0,6500.0,663
2026-10-06 00:20:00,6500.0,6500.5,6498.75,6499.0,681
2026-10-06 00:25:00,6499.0,6499.25,6498.0,6498.25,414
2026-10-06 00:30:00,6498.25,6498.25,6497.5,6498.0,468
2026-10-06 00:35:00,6498.0,6498.75,6497.25,6498.5,636
2026-10-06 00:40:00,6498.5,6499.0,6496.75,6497.25,723
2026-10-06 00:45:00,6497.25,6498.75,6497.25,6498.75,408
2026-10-06 00:50:00,6498.75,6499.25,6496.25,6496.5,810
2026-10-06 00:55:00,6496.5,6497.25,6495.5,6497.25,648
2026-10-06 01:00:00,6497.25,6497.5,6496.25,6497.0,846
2026-10-06 01:05:00,6497.0,6497.5,6495.25,6496.0,642
2026-10-06 01:10:00,6496.0,6498.25,6496.0,6498.0,1041
2026-10-06 01:15:00,6498.0,6498.5,6497.75,6498.25,987
2026-10-06 01:20:00,6498.25,6498.75,6497.75,6497.75,720
2026-10-06 01:25:00,6497.75,6498.0,6495.75,6496.25,768
2026-10-06 01:30:00,6496.25,6497.25,6495.75,6496.25,885
2026-10-06 01:35:00,6496.25,6496.5,6495.25,6495.5,753
2026-10-06 01:40:00,6495.5,6495.5,6494.5,6494.75,450
2026-10-06 01:45:00,6494.75,6497.5,6494.5,6497.5,528
2026-10-06 01:50:00,6497.5,6497.5,6496.25,6497.0,306
2026-10-06 01:55:00,6497.0,6497.5,6496.75,6497.25,588
2026-10-06 02:00:00,6497.25,6498.0,6497.0,6497.5,555
2026-10-06 02:05:00,6497.5,6499.25,6497.25,6498.25,390
2026-10-06 02:10:00,6498.25,6498.75,6498.0,6498.0,750
2026-10-06 02:15:00,6498.0,6499.0,6497.25,6498.75,465
2026-10-06 02:20:00,6498.75,6500.75,6498.25,6500.25,576
2026-10-06 02:25:00,6500.25,6502.5,6500.0,6501.5,657
2026-10-06 02:30:00,6501.5,6503.25,6501.0,6503.0,849
2026-10-06 02:35:00,6503.0,6504.0,6502.0,6504.0,570
2026-10-06 02:40:00,6504.0,6504.25,6503.75,6504.25,381
2026-10-06 02:45:00,6504.25,6505.25,6503.0,6503.75,399
2026-10-06 02:50:00,6503.75,6504.25,6503.25,6503.25,729
2026-10-06 02:55:00,6503.25,6504.25,6502.0,6502.5,756
2026-10-06 03:00:00,6502.5,6502.5,6501.75,6502.25,783
2026-10-06 03:05:00,6502.25,6502.5,6501.25,6501.75,486
2026-10-06 03:10:00,6501.75,6502.0,6501.75,6502.0,702
2026-10-06 03:15:00,6502.0,6502.0,6499.5,6500.5,828
2026-10-06 03:20:00,6500.5,6501.0,6498.75,6499.0,885
2026-10-06 03:25:00,6499.0,6502.0,6498.5,6501.5,480
2026-10-06 03:30:00,6501.5,6502.75,6500.75,6502.5,441
2026-10-06 03:35:00,6502.5,6503.0,6502.25,6502.75,387
2026-10-06 03:40:00,6502.75,6504.25,6502.5,6504.0,603
2026-10-06 03:45:00,6504.0,6504.25,6503.5,6504.0,1038
2026-10-06 03:50:00,6504.0,6505.75,6504.0,6505.5,744
2026-10-06 03:55:00,6505.5,6506.0,6504.5,6505.0,1020
2026-10-06 04:00:00,6505.0,6505.75,6503.75,6504.0,411
2026-10-06 04:05:00,6504.0,6504.25,6501.75,6502.75,720
2026-10-06 04:10:00,6502.75,6503.0,6501.5,6502.0,696
2026-10-06 04:15:00,6502.0,6502.75,6501.75,6502.5,765
2026-10-06 04:20:00,6502.5,6504.0,6502.0,6503.0,720
2026-10-06 04:25:00,6503.0,6503.5,6502.5,6502.75,696
2026-10-06 04:30:00,6502.75,6504.75,6502.25,6504.0,1305
2026-10-06 04:35:00,6504.0,6504.25,6501.25,6501.75,555
2026-10-06 04:40:00,6501.75,6501.75,6498.75,6499.25,630
2026-10-06 04:45:00,6499.25,6501.75,6499.0,6501.75,567
2026-10-06 04:50:00,6501.75,6502.25,6500.5,6501.25,444
2026-10-06 04:55:00,6501.25,6502.25,6501.0,6502.0,528
2026-10-06 05:00:00,6502.0,6502.25,6501.25,6502.0,648
2026-10-06 05:05:00,6502.0,6502.25,6501.25,6501.5,465
2026-10-06 05:10:00,6501.5,6502.75,6501.25,6502.5,552
2026-10-06 05:15:00,6502.5,6503.0,6502.0,6502.75,843
2026-10-06 05:20:00,6502.75,6503.0,6502.5,6502.5,1044
2026-10-06 05:25:00,6502.5,6503.75,6502.25,6503.25,726
2026-10-06 05:30:00,6503.25,6503.5,6503.0,6503.25,678
2026-10-06 05:35:00,6503.25,6504.25,6503.0,6503.5,624
2026-10-06 05:40:00,6503.5,6504.0,6502.75,6503.0,699
2026-10-06 05:45:00,6503.0,6503.0,6501.5,6502.25,630
2026-10-06 05:50:00,6502.25,6503.5,6502.0,6503.25,1575
2026-10-06 05:55:00,6503.25,6503.75,6503.0,6503.5,855
2026-10-06 06:00:00,6503.5,6504.0,6501.25,6501.25,1158
2026-10-06 06:05:00,6501.25,6501.75,6501.0,6501.75,1080
2026-10-06 06:10:00,6501.75,6503.5,6501.75,6502.75,906
2026-10-06 06:15:00,6502.75,6503.75,6502.5,6503.0,369
2026-10-06 06:20:00,6503.0,6503.5,6500.0,6500.75,450
2026-10-06 06:25:00,6500.75,6501.75,6500.5,6501.25,447
2026-10-06 06:30:00,6501.25,6503.75,6500.75,6503.0,282
2026-10-06 06:35:00,6503.0,6503.25,6500.25,6500.5,1083
2026-10-06 06:40:00,6500.5,6502.5,6500.0,6501.75,987
2026-10-06 06:45:00,6501.75,6502.0,6500.5,6501.0,741
2026-10-06 06:50:00,6501.0,6501.5,6498.25,6498.5,618
2026-10-06 06:55:00,6498.5,6498.5,6496.25,6497.25,774
2026-10-06 07:00:00,6497.25,6497.25,6493.0,6493.5,618
2026-10-06 07:05:00,6493.5,6493.75,6492.25,6492.5,426
2026-10-06 07:10:00,6492.5,6493.0,6492.0,6492.0,1008
2026-10-06 07:15:00,6492.0,6493.75,6491.5,6492.75,351
2026-10-06 07:20:00,6492.75,6493.25,6492.5,6493.0,747
2026-10-06 07:25:00,6493.0,6494.0,6491.25,6492.25,738
2026-10-06 07:30:00,6492.25,6493.25,6492.0,6492.25,924
2026-10-06 07:35:00,6492.25,6493.25,6491.0,6491.5,945
2026-10-06 07:40:00,6491.5,6491.75,6489.25,6490.5,615
2026-10-06 07:45:00,6490.5,6491.25,6490.25,6491.25,558
2026-10-06 07:50:00,6491.25,6492.25,6490.5,6491.5,822
2026-10-06 07:55:00,6491.5,6492.0,6490.75,6490.75,504
2026-10-06 08:00:00,6490.75,6492.25,6490.25,6492.0,462
2026-10-06 08:05:00,6492.0,6492.75,6490.0,6490.5,597
2026-10-06 08:10:00,6490.5,6491.5,6488.75,6489.0,618
2026-10-06 08:15:00,6489.0,6490.25,6489.0,6489.75,1098
2026-10-06 08:20:00,6489.75,6492.0,6489.25,6491.75,363
2026-10-06 08:25:00,6491.75,6492.25,6490.5,6492.0,615
2026-10-06 08:30:00,6492.0,6492.25,6491.25,6491.5,678
2026-10-06 08:35:00,6491.5,6493.25,6491.5,6492.75,753
2026-10-06 08:40:00,6492.75,6494.75,6492.5,6494.25,756
2026-10-06 08:45:00,6494.25,6497.5,6494.25,6497.0,540
2026-10-06 08:50:00,6497.0,6497.5,6496.5,6496.75,858
2026-10-06 08:55:00,6496.75,6497.5,6494.25,6494.25,372
2026-10-06 09:00:00,6494.25,6494.25,6493.75,6493.75,801
2026-10-06 09:05:00,6493.75,6494.25,6492.25,6492.25,666
2026-10-06 09:10:00,6492.25,6493.0,6488.5,6488.75,1569
2026-10-06 09:15:00,6488.75,6490.5,6487.5,6488.0,516
2026-10-06 09:20:00,6488.0,6490.0,6487.5,6489.0,747
2026-10-06 09:25:00,6489.0,6489.25,6487.75,6487.75,837
2026-10-06 09:30:00,6487.75,6492.75,6487.0,6491.75,5508
2026-10-06 09:35:00,6491.75,6497.75,6488.75,6495.5,3888
2026-10-06 09:40:00,6495.5,6496.5,6493.75,6494.0,5478
2026-10-06 09:45:00,6494.0,6496.5,6493.5,6496.0,3759
2026-10-06 09:50:00,6496.0,6498.25,6494.0,6497.75,3363
2026-10-06 09:55:00,6497.75,6498.0,6495.25,6496.5,4569
2026-10-06 10:00:00,6496.5,6504.25,6495.0,6500.25,2799
2026-10-06 10:05:00,6500.25,6502.25,6499.25,6499.75,3843
2026-10-06 10:10:00,6499.75,6502.75,6497.75,6498.5,8292
2026-10-06 10:15:00,6498.5,6501.75,6498.25,6501.75,4515
2026-10-06 10:20:00,6501.75,6504.0,6498.0,6499.5,5259
2026-10-06 10:25:00,6499.5,6502.25,6499.25,6501.5,6276
2026-10-06 10:30:00,6501.5,6502.0,6500.0,6500.75,2151
2026-10-06 10:35:00,6500.75,6503.75,6500.25,6503.25,4059
2026-10-06 10:40:00,6503.25,6505.0,6503.0,6504.75,6126
2026-10-06 10:45:00,6504.75,6505.75,6500.75,6501.75,2547
2026-10-06 10:50:00,6501.75,6502.5,6499.25,6500.75,3813
2026-10-06 10:55:00,6500.75,6501.25,6500.0,6501.0,7944
2026-10-06 11:00:00,6501.0,6501.75,6498.25,6498.75,2904
2026-10-06 11:05:00,6498.75,6500.5,6498.0,6499.5,4449
2026-10-06 11:10:00,6499.5,6500.75,6499.25,6500.25,8628
2026-10-06 11:15:00,6500.25,6500.25,6500.0,6500.0,4761
2026-10-06 11:20:00,6500.0,6502.5,6499.75,6501.25,2352
2026-10-06 11:25:00,6501.25,6501.75,6499.75,6501.0,5589
2026-10-06 11:30:00,6501.0,6501.25,6496.25,6496.5,2679
2026-10-06 11:35:00,6496.5,6497.5,6493.25,6494.0,4764
2026-10-06 11:40:00,6494.0,6495.25,6490.0,6491.25,6978
2026-10-06 11:45:00,6491.25,6491.5,6489.0,6490.0,3531
2026-10-06 11:50:00,6490.0,6490.5,6487.5,6489.0,2739
2026-10-06 11:55:00,6489.0,6491.0,6486.5,6486.75,2421
2026-10-06 12:00:00,6486.75,6487.25,6484.25,6486.25,5655
2026-10-06 12:05:00,6486.25,6489.75,6484.75,6489.25,5112
2026-10-06 12:10:00,6489.25,6490.5,6488.75,6489.0,2634
2026-10-06 12:15:00,6489.0,6489.25,6488.25,6489.0,4413
2026-10-06 12:20:00,6489.0,6489.0,6487.25,6487.25,2532
2026-10-06 12:25:00,6487.25,6488.75,6487.0,6487.0,1860
2026-10-06 12:30:00,6487.0,6488.5,6484.25,6484.5,4464
2026-10-06 12:35:00,6484.5,6485.25,6482.25,6482.25,4962
2026-10-06 12:40:00,6482.25,6482.75,6480.25,6482.5,2310
2026-10-06 12:45:00,6482.5,6484.0,6481.25,6482.0,3507
2026-10-06 12:50:00,6482.0,6482.75,6480.0,6481.5,3807
2026-10-06 12:55:00,6481.5,6482.25,6480.0,6481.25,4482
2026-10-06 13:00:00,6481.25,6486.0,6479.25,6484.25,1521
2026-10-06 13:05:00,6484.25,6484.75,6477.0,6477.75,2856
2026-10-06 13:10:00,6477.75,6477.75,6474.0,6474.5,3984
2026-10-06 13:15:00,6474.5,6476.25,6471.5,6471.75,3681
2026-10-06 13:20:00,6471.75,6472.5,6467.0,6468.0,3540
2026-10-06 13:25:00,6468.0,6472.0,6467.75,6471.0,3405
2026-10-06 13:30:00,6471.0,6471.0,6468.5,6470.75,4401
2026-10-06 13:35:00,6470.75,6471.25,6469.75,6471.25,2934
2026-10-06 13:40:00,6471.25,6472.25,6470.5,6471.25,3156
2026-10-06 13:45:00,6471.25,6472.25,6468.5,6469.5,3297
2026-10-06 13:50:00,6469.5,6471.0,6469.0,6469.25,6153
2026-10-06 13:55:00,6469.25,6470.5,6467.5,6468.0,4158
2026-10-06 14:00:00,6468.0,6469.25,6464.75,6465.5,3492
2026-10-06 14:05:00,6465.5,6467.5,6463.25,6464.5,3606
2026-10-06 14:10:00,6464.5,6466.5,6462.5,6463.0,10863
2026-10-06 14:15:00,6463.0,6465.0,6461.5,6463.25,4245
2026-10-06 14:20:00,6463.25,6463.75,6461.75,6461.75,4647
2026-10-06 14:25:00,6461.75,6462.75,6460.5,6462.25,2301
2026-10-06 14:30:00,6462.25,6464.25,6461.0,6463.75,6027
2026-10-06 14:35:00,6463.75,6465.25,6463.0,6464.25,4221
2026-10-06 14:40:00,6464.25,6468.0,6463.75,6467.25,5388
2026-10-06 14:45:00,6467.25,6468.5,6465.25,6465.25,6552
2026-10-06 14:50:00,6465.25,6468.25,6463.75,6467.75,3612
2026-10-06 14:55:00,6467.75,6468.75,6463.25,6464.5,4311
2026-10-06 15:00:00,6464.5,6468.25,6464.0,6465.75,8286
2026-10-06 15:05:00,6465.75,6466.0,6461.5,6463.75,7854
2026-10-06 15:10:00,6463.75,6469.5,6461.25,6466.5,4896
2026-10-06 15:15:00,6466.5,6470.25,6464.5,6470.25,6618
2026-10-06 15:20:00,6470.25,6473.75,6469.75,6473.0,14841
2026-10-06 15:25:00,6473.0,6474.0,6468.5,6469.5,4377
2026-10-06 15:30:00,6469.5,6469.75,6465.5,6468.25,7113
2026-10-06 15:35:00,6468.25,6468.5,6466.75,6467.5,10656
2026-10-06 15:40:00,6467.5,6470.25,6467.0,6469.75,2043
2026-10-06 15:45:00,6469.75,6471.0,6468.75,6469.0,6330
2026-10-06 15:50:00,6469.0,6471.25,6467.25,6470.75,10266
2026-10-06 15:55:00,6470.75,6471.25,6468.25,6470.0,5055
2026-10-06 16:00:00,6470.0,6471.75,6469.75,6471.75,396
2026-10-06 16:05:00,6471.75,6473.5,6471.25,6473.25,441
2026-10-06 16:10:00,6473.25,6473.75,6471.0,6472.0,600
2026-10-06 16:15:00,6472.0,6472.5,6471.0,6471.25,858
2026-10-06 16:20:00,6471.25,6471.5,6469.5,6469.75,693
2026-10-06 16:25:00,6469.75,6471.0,6469.5,6470.75,1548
2026-10-06 16:30:00,6470.75,6472.25,6470.25,6471.75,294
2026-10-06 16:35:00,6471.75,6472.0,6470.0,6470.5,867
2026-10-06 16:40:00,6470.5,6471.0,6470.5,6470.5,615
2026-10-06 16:45:00,6470.5,6472.0,6470.0,6471.75,669
2026-10-06 16:50:00,6471.75,6473.25,6471.25,6472.75,891
2026-10-06 16:55:00,6472.75,6473.5,6472.25,6473.25,522
2026-10-06 18:00:00,6473.25,6473.5,6471.75,6472.25,732
2026-10-06 18:05:00,6472.25,6474.0,6471.75,6473.25,468
2026-10-06 18:10:00,6473.25,6473.5,6472.75,6473.0,867
2026-10-06 18:15:00,6473.0,6473.0,6472.5,6472.5,540
2026-10-06 18:20:00,6472.5,6476.25,6472.0,6475.5,834
2026-10-06 18:25:00,6475.5,6476.75,6475.5,6475.75,711
2026-10-06 18:30:00,6475.75,6477.5,6475.75,6477.25,534
2026-10-06 18:35:00,6477.25,6478.5,6473.75,6473.75,531
2026-10-06 18:40:00,6473.75,6474.0,6473.0,6473.25,561
2026-10-06 18:45:00,6473.25,6474.0,6472.75,6473.75,1128
2026-10-06 18:50:00,6473.75,6475.0,6473.5,6474.75,690
2026-10-06 18:55:00,6474.75,6474.75,6473.5,6473.5,936
2026-10-06 19:00:00,6473.5,6474.25,6472.75,6473.75,750
2026-10-06 19:05:00,6473.75,6475.0,6473.0,6473.75,744
2026-10-06 19:10:00,6473.75,6474.0,6473.0,6473.0,456
2026-10-06 19:15:00,6473.0,6474.0,6470.25,6470.25,888
2026-10-06 19:20:00,6470.25,6471.25,6469.75,6471.25,882
2026-10-06 19:25:00,6471.25,6471.5,6469.75,6470.0,1686
2026-10-06 19:30:00,6470.0,6471.75,6468.75,6471.5,573
2026-10-06 19:35:00,6471.5,6472.5,6471.25,6472.0,582
2026-10-06 19:40:00,6472.0,6476.0,6471.5,6474.75,423
2026-10-06 19:45:00,6474.75,6476.5,6474.5,6476.0,591
2026-10-06 19:50:00,6476.0,6476.75,6475.5,6476.0,738
2026-10-06 19:55:00,6476.0,6476.0,6475.5,6475.75,699
2026-10-06 20:00:00,6475.75,6477.5,6475.5,6477.25,723
2026-10-06 20:05:00,6477.25,6477.5,6475.0,6475.25,540
2026-10-06 20:10:00,6475.25,6475.75,6473.5,6474.0,756
2026-10-06 20:15:00,6474.0,6474.5,6472.25,6473.5,363
2026-10-06 20:20:00,6473.5,6473.5,6473.0,6473.5,480
2026-10-06 20:25:00,6473.5,6474.0,6472.25,6472.5,672
2026-10-06 20:30:00,6472.5,6473.75,6472.25,6473.5,630
2026-10-06 20:35:00,6473.5,6474.25,6472.25,6472.75,696
2026-10-06 20:40:00,6472.75,6474.0,6472.5,6474.0,1071
2026-10-06 20:45:00,6474.0,6474.25,6473.25,6473.75,1152
2026-10-06 20:50:00,6473.75,6474.5,6473.25,6473.5,519
2026-10-06 20:55:00,6473.5,6477.0,6472.5,6476.5,801
2026-10-06 21:00:00,6476.5,6476.5,6473.75,6475.5,522
2026-10-06 21:05:00,6475.5,6477.5,6474.75,6476.75,720
2026-10-06 21:10:00,6476.75,6477.5,6474.5,6475.25,570
2026-10-06 21:15:00,6475.25,6475.5,6474.75,6475.0,954
2026-10-06 21:20:00,6475.0,6478.25,6474.75,6478.0,558
2026-10-06 21:25:00,6478.0,6478.5,6476.25,6476.75,726
2026-10-06 21:30:00,6476.75,6477.5,6475.0,6476.0,306
2026-10-06 21:35:00,6476.0,6477.0,6475.75,6476.75,726
2026-10-06 21:40:00,6476.75,6477.25,6475.0,6475.0,834
2026-10-06 21:45:00,6475.0,6475.75,6474.5,6474.75,1080
2026-10-06 21:50:00,6474.75,6475.5,6474.5,6475.5,570
2026-10-06 21:55:00,6475.5,6476.25,6475.25,6475.75,447
2026-10-06 22:00:00,6475.75,6477.0,6475.0,6476.75,663
2026-10-06 22:05:00,6476.75,6478.25,6476.25,6477.25,918
2026-10-06 22:10:00,6477.25,6477.75,6476.25,6476.5,588
2026-10-06 22:15:00,6476.5,6476.75,6474.5,6474.75,558
2026-10-06 22:20:00,6474.75,6475.25,6473.75,6474.0,525
2026-10-06 22:25:00,6474.0,6475.5,6473.75,6475.25,1872
2026-10-06 22:30:00,6475.25,6475.5,6475.0,6475.0,942
2026-10-06 22:35:00,6475.0,6475.5,6474.25,6474.75,813
2026-10-06 22:40:00,6474.75,6475.0,6473.25,6473.25,693
2026-10-06 22:45:00,6473.25,6474.0,6472.0,6472.25,1584
2026-10-06 22:50:00,6472.25,6472.5,6470.75,6471.5,1452
2026-10-06 22:55:00,6471.5,6473.75,6470.5,6473.0,897
2026-10-06 23:00:00,6473.0,6473.75,6470.75,6471.0,765
2026-10-06 23:05:00,6471.0,6471.5,6470.0,6470.25,354
2026-10-06 23:10:00,6470.25,6470.75,6469.5,6469.75,681
2026-10-06 23:15:00,6469.75,6473.25,6469.25,6472.75,507
2026-10-06 23:20:00,6472.75,6473.75,6470.5,6471.0,639
2026-10-06 23:25:00,6471.0,6472.75,6470.75,6472.0,1332
2026-10-06 23:30:00,6472.0,6475.0,6471.5,6474.5,348
2026-10-06 23:35:00,6474.5,6475.25,6473.75,6474.25,573
2026-10-06 23:40:00,6474.25,6475.0,6473.5,6473.5,1071
2026-10-06 23:45:00,6473.5,6473.5,6472.25,6472.5,900
2026-10-06 23:50:00,6472.5,6472.5,6471.25,6471.75,651
2026-10-06 23:55:00,6471.75,6473.0,6471.5,6472.25,1128
2026-10-07 00:00:00,6472.25,6472.75,6470.75,6470.75,795
2026-10-07 00:05:00,6470.75,6472.0,6470.5,6471.5,798
2026-10-07 00:10:00,6471.5,6472.75,6471.25,6472.75,822
2026-10-07 00:15:00,6472.75,6474.0,6472.75,6473.5,1266
2026-10-07 00:20:00,6473.5,6473.75,6471.5,6472.25,606
2026-10-07 00:25:00,6472.25,6474.5,6471.5,6474.5,540
2026-10-07 00:30:00,6474.5,6475.0,6473.5,6473.75,678
2026-10-07 00:35:00,6473.75,6474.25,6472.75,6473.75,315
2026-10-07 00:40:00,6473.75,6475.0,6473.0,6474.75,516
2026-10-07 00:45:00,6474.75,6474.75,6474.5,6474.75,1404
2026-10-07 00:50:00,6474.75,6476.0,6474.0,6476.0,552
2026-10-07 00:55:00,6476.0,6476.5,6475.75,6476.5,558
2026-10-07 01:00:00,6476.5,6476.75,6475.75,6476.25,714
2026-10-07 01:05:00,6476.25,6476.5,6475.5,6476.0,597
2026-10-07 01:10:00,6476.0,6477.0,6474.75,6476.75,402
2026-10-07 01:15:00,6476.75,6477.25,6476.0,6477.0,618
2026-10-07 01:20:00,6477.0,6478.0,6476.5,6477.75,1116
2026-10-07 01:25:00,6477.75,6478.75,6477.5,6478.5,519
2026-10-07 01:30:00,6478.5,6479.75,6477.5,6479.5,378
2026-10-07 01:35:00,6479.5,6479.75,6478.5,6478.5,909
2026-10-07 01:40:00,6478.5,6479.75,6478.5,6478.75,705
2026-10-07 01:45:00,6478.75,6481.0,6477.5,6480.5,1263
2026-10-07 01:50:00,6480.5,6480.75,6478.75,6479.0,366
2026-10-07 01:55:00,6479.0,6480.25,6478.75,6480.0,558
2026-10-07 02:00:00,6480.0,6480.5,6478.0,6478.5,1164
2026-10-07 02:05:00,6478.5,6478.75,6477.75,6478.5,750
2026-10-07 02:10:00,6478.5,6479.25,6477.25,6477.5,645
2026-10-07 02:15:00,6477.5,6478.5,6477.0,6478.25,876
2026-10-07 02:20:00,6478.25,6478.5,6477.75,6478.0,663
2026-10-07 02:25:00,6478.0,6478.25,6477.75,6478.25,723
2026-10-07 02:30:00,6478.25,6480.75,6477.75,6480.5,819
2026-10-07 02:35:00,6480.5,6481.5,6480.25,6481.0,579
2026-10-07 02:40:00,6481.0,6481.0,6480.5,6481.0,462
2026-10-07 02:45:00,6481.0,6481.0,6480.25,6480.5,414
2026-10-07 02:50:00,6480.5,6481.25,6480.25,6480.75,1335
2026-10-07 02:55:00,6480.75,6481.25,6479.75,6480.5,690
2026-10-07 03:00:00,6480.5,6481.5,6480.5,6481.25,660
2026-10-07 03:05:00,6481.25,6482.25,6481.0,6482.0,756
2026-10-07 03:10:00,6482.0,6483.75,6481.5,6482.75,627
2026-10-07 03:15:00,6482.75,6483.25,6480.75,6481.25,546
2026-10-07 03:20:00,6481.25,6481.25,6479.75,6481.0,462
2026-10-07 03:25:00,6481.0,6481.75,6481.0,6481.5,558
2026-10-07 03:30:00,6481.5,6481.5,6478.5,6479.0,594
2026-10-07 03:35:00,6479.0,6480.0,6478.75,6480.0,651
2026-10-07 03:40:00,6480.0,6481.0,6479.75,6481.0,525
2026-10-07 03:45:00,6481.0,6481.75,6480.75,6481.25,624
2026-10-07 03:50:00,6481.25,6484.0,6480.5,6483.0,1536
2026-10-07 03:55:00,6483.0,6483.75,6480.0,6480.5,579
2026-10-07 04:00:00,6480.5,6481.0,6479.25,6479.5,504
2026-10-07 04:05:00,6479.5,6482.5,6478.75,6481.0,822
2026-10-07 04:10:00,6481.0,6483.0,6480.75,6482.75,489
2026-10-07 04:15:00,6482.75,6483.25,6482.0,6482.5,537
2026-10-07 04:20:00,6482.5,6485.0,6482.5,6484.75,837
2026-10-07 04:25:00,6484.75,6486.75,6484.25,6486.25,435
2026-10-07 04:30:00,6486.25,6488.0,6485.5,6487.75,501
2026-10-07 04:35:00,6487.75,6488.25,6487.0,6488.25,720
2026-10-07 04:40:00,6488.25,6490.75,6487.75,6489.75,381
2026-10-07 04:45:00,6489.75,6492.75,6488.75,6492.75,1002
2026-10-07 04:50:00,6492.75,6493.5,6491.0,6491.25,663
2026-10-07 04:55:00,6491.25,6491.5,6489.0,6489.0,642
2026-10-07 05:00:00,6489.0,6490.5,6489.0,6490.25,567
2026-10-07 05:05:00,6490.25,6490.75,6489.75,6490.25,528
2026-10-07 05:10:00,6490.25,6491.5,6490.0,6491.25,447
2026-10-07 05:15:00,6491.25,6491.75,6490.0,6490.75,789
2026-10-07 05:20:00,6490.75,6491.0,6489.0,6489.0,807
2026-10-07 05:25:00,6489.0,6490.0,6486.75,6487.75,612
2026-10-07 05:30:00,6487.75,6488.0,6487.5,6487.75,381
2026-10-07 05:35:00,6487.75,6488.75,6486.5,6486.75,309
2026-10-07 05:40:00,6486.75,6487.5,6486.25,6486.5,573
2026-10-07 05:45:00,6486.5,6487.0,6484.75,6485.25,1371
2026-10-07 05:50:00,6485.25,6485.5,6485.0,6485.25,414
2026-10-07 05:55:00,6485.25,6485.75,6483.75,6484.0,489
2026-10-07 06:00:00,6484.0,6484.75,6482.75,6483.0,1377
2026-10-07 06:05:00,6483.0,6483.75,6482.5,6482.75,756
2026-10-07 06:10:00,6482.75,6484.25,6481.75,6484.0,612
2026-10-07 06:15:00,6484.0,6487.5,6483.75,6487.0,639
2026-10-07 06:20:00,6487.0,6487.5,6482.75,6483.25,735
2026-10-07 06:25:00,6483.25,6483.5,6482.0,6482.25,588
2026-10-07 06:30:00,6482.25,6483.5,6482.25,6482.5,573
2026-10-07 06:35:00,6482.5,6485.5,6482.0,6484.25,561
2026-10-07 06:40:00,6484.25,6484.25,6483.75,6484.0,1623
2026-10-07 06:45:00,6484.0,6485.0,6482.25,6482.75,702
2026-10-07 06:50:00,6482.75,6482.75,6480.75,6481.25,963
2026-10-07 06:55:00,6481.25,6481.5,6480.25,6480.5,1107
2026-10-07 07:00:00,6480.5,6480.75,6480.25,6480.5,1047
2026-10-07 07:05:00,6480.5,6483.0,6480.5,6482.75,513
2026-10-07 07:10:00,6482.75,6483.25,6480.75,6481.25,423
2026-10-07 07:15:00,6481.25,6482.5,6480.75,6481.75,723
2026-10-07 07:20:00,6481.75,6482.25,6481.75,6482.0,603
2026-10-07 07:25:00,6482.0,6482.25,6481.0,6481.0,312
2026-10-07 07:30:00,6481.0,6481.75,6478.5,6478.75,996
2026-10-07 07:35:00,6478.75,6479.75,6477.5,6479.25,792
2026-10-07 07:40:00,6479.25,6481.0,6478.5,6480.25,429
2026-10-07 07:45:00,6480.25,6481.5,6480.25,6481.0,957
2026-10-07 07:50:00,6481.0,6481.75,6479.0,6479.5,693
2026-10-07 07:55:00,6479.5,6481.25,6479.0,6481.25,693
2026-10-07 08:00:00,6481.25,6481.5,6479.5,6480.0,702
2026-10-07 08:05:00,6480.0,6480.25,6478.5,6479.0,1044
2026-10-07 08:10:00,6479.0,6481.25,6479.0,6480.75,384
2026-10-07 08:15:00,6480.75,6480.75,6480.0,6480.0,591
2026-10-07 08:20:00,6480.0,6483.0,6479.0,6482.75,672
2026-10-07 08:25:00,6482.75,6483.25,6482.0,6482.75,813
2026-10-07 08:30:00,6482.75,6483.25,6481.5,6482.25,1473
2026-10-07 08:35:00,6482.25,6483.25,6482.0,6482.75,786
2026-10-07 08:40:00,6482.75,6483.75,6477.75,6479.0,966
2026-10-07 08:45:00,6479.0,6479.75,6478.75,6479.25,396
2026-10-07 08:50:00,6479.25,6480.0,6478.5,6479.75,417
2026-10-07 08:55:00,6479.75,6480.5,6476.75,6477.0,1110
2026-10-07 09:00:00,6477.0,6477.25,6475.5,6475.75,951
2026-10-07 09:05:00,6475.75,6476.25,6473.75,6474.5,330
2026-10-07 09:10:00,6474.5,6474.5,6473.0,6473.25,615
2026-10-07 09:15:00,6473.25,6475.75,6473.25,6475.0,1101
2026-10-07 09:20:00,6475.0,6475.5,6473.5,6473.5,378
2026-10-07 09:25:00,6473.5,6473.75,6473.25,6473.5,969
2026-10-07 09:30:00,6473.5,6475.0,6471.75,6473.0,8013
2026-10-07 09:35:00,6473.0,6475.0,6472.5,6473.75,8013
2026-10-07 09:40:00,6473.75,6474.0,6472.75,6472.75,3321
2026-10-07 09:45:00,6472.75,6473.0,6464.75,6466.0,3930
2026-10-07 09:50:00,6466.0,6466.25,6464.25,6464.25,7116
2026-10-07 09:55:00,6464.25,6464.75,6458.0,6459.5,4143
2026-10-07 10:00:00,6459.5,6461.25,6449.75,6450.0,4437
2026-10-07 10:05:00,6450.0,6455.0,6448.0,6454.25,2811
2026-10-07 10:10:00,6454.25,6456.75,6453.5,6455.0,3882
2026-10-07 10:15:00,6455.0,6455.25,6450.25,6451.0,5097
2026-10-07 10:20:00,6451.0,6453.75,6450.5,6453.25,4848
2026-10-07 10:25:00,6453.25,6457.5,6453.25,6455.0,6084
2026-10-07 10:30:00,6455.0,6455.0,6452.0,6452.5,7662
2026-10-07 10:35:00,6452.5,6454.5,6450.5,6453.75,3447
2026-10-07 10:40:00,6453.75,6455.75,6453.25,6455.25,2385
2026-10-07 10:45:00,6455.25,6460.75,6453.25,6457.0,5196
2026-10-07 10:50:00,6457.0,6458.25,6451.75,6453.75,6546
2026-10-07 10:55:00,6453.75,6456.25,6453.0,6453.75,2652
2026-10-07 11:00:00,6453.75,6457.75,6453.0,6456.5,2538
2026-10-07 11:05:00,6456.5,6457.0,6455.75,6456.25,3690
2026-10-07 11:10:00,6456.25,6458.5,6455.0,6457.25,2820
2026-10-07 11:15:00,6457.25,6458.25,6457.25,6458.25,2550
2026-10-07 11:20:00,6458.25,6460.5,6457.25,6460.25,4008
2026-10-07 11:25:00,6460.25,6461.5,6459.75,6461.0,4230
2026-10-07 11:30:00,6461.0,6463.75,6460.0,6462.75,2997
2026-10-07 11:35:00,6462.75,6463.25,6459.0,6459.5,2832
2026-10-07 11:40:00,6459.5,6461.75,6457.75,6461.0,2763
2026-10-07 11:45:00,6461.0,6461.25,6460.75,6461.0,2277
2026-10-07 11:50:00,6461.0,6462.0,6460.0,6461.5,3111
2026-10-07 11:55:00,6461.5,6463.25,6461.0,6463.0,2805
2026-10-07 12:00:00,6463.0,6463.25,6459.75,6461.5,2070
2026-10-07 12:05:00,6461.5,6465.25,6459.75,6460.25,3168
2026-10-07 12:10:00,6460.25,6460.5,6458.75,6459.0,3687
2026-10-07 12:15:00,6459.0,6459.75,6455.0,6455.5,1809
2026-10-07 12:20:00,6455.5,6456.75,6454.5,6455.0,2841
2026-10-07 12:25:00,6455.0,6456.75,6454.25,6455.25,3894
2026-10-07 12:30:00,6455.25,6457.25,6455.25,6456.25,2850
2026-10-07 12:35:00,6456.25,6458.75,6456.25,6457.5,3762
2026-10-07 12:40:00,6457.5,6461.5,6456.25,6460.5,1836
2026-10-07 12:45:00,6460.5,6460.5,6458.75,6459.25,2031
2026-10-07 12:50:00,6459.25,6461.0,6458.5,6459.25,3057
2026-10-07 12:55:00,6459.25,6460.25,6456.0,6457.5,3429
2026-10-07 13:00:00,6457.5,6457.75,6456.0,6456.75,4221
2026-10-07 13:05:00,6456.75,6457.25,6455.0,6455.75,5517
2026-10-07 13:10:00,6455.75,6456.25,6453.0,6453.25,2598
2026-10-07 13:15:00,6453.25,6455.5,6452.0,6454.5,3570
2026-10-07 13:20:00,6454.5,6456.0,6453.0,6454.25,2916
2026-10-07 13:25:00,6454.25,6456.0,6449.0,6449.25,3702
2026-10-07 13:30:00,6449.25,6450.75,6446.75,6448.5,3228
2026-10-07 13:35:00,6448.5,6449.0,6448.0,6448.0,4056
2026-10-07 13:40:00,6448.0,6451.25,6447.75,6451.0,3657
2026-10-07 13:45:00,6451.0,6453.0,6449.75,6452.75,3648
2026-10-07 13:50:00,6452.75,6457.5,6452.0,6455.75,3777
2026-10-07 13:55:00,6455.75,6457.25,6452.25,6454.25,3477
2026-10-07 14:00:00,6454.25,6455.25,6451.75,6452.75,4725
2026-10-07 14:05:00,6452.75,6454.0,6449.75,6450.75,3903
2026-10-07 14:10:00,6450.75,6452.0,6450.25,6450.75,6531
2026-10-07 14:15:00,6450.75,6452.75,6450.0,6452.5,5424
2026-10-07 14:20:00,6452.5,6453.0,6448.0,6449.0,2844
2026-10-07 14:25:00,6449.0,6449.5,6447.5,6447.75,3531
2026-10-07 14:30:00,6447.75,6448.25,6447.0,6447.25,4560
2026-10-07 14:35:00,6447.25,6449.75,6446.5,6449.75,1743
2026-10-07 14:40:00,6449.75,6450.75,6446.5,6447.5,2361
2026-10-07 14:45:00,6447.5,6450.0,6445.5,6447.0,3348
2026-10-07 14:50:00,6447.0,6451.25,6445.5,6450.25,4557
2026-10-07 14:55:00,6450.25,6450.75,6448.75,6449.0,9156
2026-10-07 15:00:00,6449.0,6450.0,6447.75,6448.0,4839
2026-10-07 15:05:00,6448.0,6451.25,6448.0,6450.0,4938
2026-10-07 15:10:00,6450.0,6451.25,6445.0,6445.25,3930
2026-10-07 15:15:00,6445.25,6454.0,6443.75,6450.25,4161
2026-10-07 15:20:00,6450.25,6450.75,6450.0,6450.5,4614
2026-10-07 15:25:00,6450.5,6452.5,6446.5,6447.5,4875
2026-10-07 15:30:00,6447.5,6447.5,6445.5,6447.25,4524
2026-10-07 15:35:00,6447.25,6449.75,6442.5,6444.25,3600
2026-10-07 15:40:00,6444.25,6445.75,6443.0,6444.75,3711
2026-10-07 15:45:00,6444.75,6446.25,6440.75,6443.25,5595
2026-10-07 15:50:00,6443.25,6449.5,6442.75,6448.5,3939
2026-10-07 15:55:00,6448.5,6452.5,6447.0,6451.75,6006
2026-10-07 16:00:00,6451.75,6452.5,6451.0,6451.5,423
2026-10-07 16:05:00,6451.5,6451.75,6448.75,6449.0,822
2026-10-07 16:10:00,6449.0,6449.25,6446.0,6447.25,585
2026-10-07 16:15:00,6447.25,6449.75,6446.5,6449.25,606
2026-10-07 16:20:00,6449.25,6449.75,6448.25,6448.5,564
2026-10-07 16:25:00,6448.5,6449.75,6448.25,6449.0,390
2026-10-07 16:30:00,6449.0,6450.25,6448.25,6449.75,630
2026-10-07 16:35:00,6449.75,6450.25,6448.0,6448.25,705
2026-10-07 16:40:00,6448.25,6450.75,6447.75,6450.5,675
2026-10-07 16:45:00,6450.5,6451.0,6449.0,6450.0,888
2026-10-07 16:50:00,6450.0,6452.25,6450.0,6451.75,522
2026-10-07 16:55:00,6451.75,6453.0,6451.75,6453.0,651
2026-10-07 18:00:00,6453.0,6457.25,6452.5,6457.0,579
2026-10-07 18:05:00,6457.0,6457.25,6455.5,6455.5,546
2026-10-07 18:10:00,6455.5,6459.25,6455.0,6459.0,483
2026-10-07 18:15:00,6459.0,6459.25,6456.75,6457.0,495
2026-10-07 18:20:00,6457.0,6457.75,6456.5,6457.5,885
2026-10-07 18:25:00,6457.5,6458.0,6456.0,6456.5,483
2026-10-07 18:30:00,6456.5,6457.25,6455.75,6456.5,942
2026-10-07 18:35:00,6456.5,6458.0,6456.25,6457.5,351
2026-10-07 18:40:00,6457.5,6458.0,6455.0,6455.5,471
2026-10-07 18:45:00,6455.5,6457.5,6455.25,6457.0,420
2026-10-07 18:50:00,6457.0,6457.25,6454.25,6454.5,483
2026-10-07 18:55:00,6454.5,6454.5,6453.75,6454.0,618
2026-10-07 19:00:00,6454.0,6456.0,6453.25,6455.75,516
2026-10-07 19:05:00,6455.75,6456.75,6455.25,6456.75,819
2026-10-07 19:10:00,6456.75,6456.75,6456.0,6456.75,660
2026-10-07 19:15:00,6456.75,6456.75,6454.5,6455.25,870
2026-10-07 19:20:00,6455.25,6456.5,6453.0,6453.5,666
2026-10-07 19:25:00,6453.5,6454.5,6453.25,6454.25,1086
2026-10-07 19:30:00,6454.25,6456.5,6453.5,6456.0,1119
2026-10-07 19:35:00,6456.0,6457.75,6455.25,6457.5,603
2026-10-07 19:40:00,6457.5,6457.75,6456.0,6457.0,849
2026-10-07 19:45:00,6457.0,6457.5,6455.5,6456.25,375
2026-10-07 19:50:00,6456.25,6456.5,6455.75,6456.25,681
2026-10-07 19:55:00,6456.25,6456.25,6454.0,6454.0,648
2026-10-07 20:00:00,6454.0,6454.25,6452.0,6452.25,549
2026-10-07 20:05:00,6452.25,6452.75,6451.0,6451.25,705
2026-10-07 20:10:00,6451.25,6452.75,6451.0,6451.75,636
2026-10-07 20:15:00,6451.75,6453.0,6451.5,6452.75,534
2026-10-07 20:20:00,6452.75,6456.25,6451.75,6455.75,564
2026-10-07 20:25:00,6455.75,6456.0,6454.25,6455.75,369
2026-10-07 20:30:00,6455.75,6456.25,6454.75,6455.25,468
2026-10-07 20:35:00,6455.25,6457.25,6454.75,6456.25,852
2026-10-07 20:40:00,6456.25,6458.75,6456.25,6458.25,1164
2026-10-07 20:45:00,6458.25,6458.75,6457.0,6457.0,543
2026-10-07 20:50:00,6457.0,6457.25,6457.0,6457.25,516
2026-10-07 20:55:00,6457.25,6457.25,6456.75,6456.75,471
2026-10-07 21:00:00,6456.75,6461.75,6456.5,6461.0,582
2026-10-07 21:05:00,6461.0,6462.25,6460.5,6462.25,636
2026-10-07 21:10:00,6462.25,6462.75,6460.5,6461.25,411
2026-10-07 21:15:00,6461.25,6461.5,6459.75,6460.75,777
2026-10-07 21:20:00,6460.75,6462.5,6460.5,6461.5,1350
2026-10-07 21:25:00,6461.5,6462.25,6461.25,6462.0,684
2026-10-07 21:30:00,6462.0,6463.75,6461.75,6463.75,705
2026-10-07 21:35:00,6463.75,6464.0,6463.5,6463.5,771
2026-10-07 21:40:00,6463.5,6463.75,6463.0,6463.25,510
2026-10-07 21:45:00,6463.25,6463.75,6462.5,6462.5,432
2026-10-07 21:50:00,6462.5,6463.0,6461.5,6462.25,471
2026-10-07 21:55:00,6462.25,6462.5,6460.25,6460.5,903
2026-10-07 22:00:00,6460.5,6460.5,6458.75,6459.25,1011
2026-10-07 22:05:00,6459.25,6460.0,6458.75,6459.25,483
2026-10-07 22:10:00,6459.25,6460.5,6458.75,6460.25,816
2026-10-07 22:15:00,6460.25,6461.5,6459.75,6460.5,678
2026-10-07 22:20:00,6460.5,6461.25,6460.0,6461.0,900
2026-10-07 22:25:00,6461.0,6461.0,6458.75,6459.25,1149
2026-10-07 22:30:00,6459.25,6461.0,6459.0,6460.75,462
2026-10-07 22:35:00,6460.75,6461.75,6460.5,6461.25,666
2026-10-07 22:40:00,6461.25,6463.5,6460.75,6462.0,501
2026-10-07 22:45:00,6462.0,6463.5,6462.0,6462.75,1134
2026-10-07 22:50:00,6462.75,6463.75,6461.25,6462.0,471
2026-10-07 22:55:00,6462.0,6462.5,6461.25,6461.5,450
2026-10-07 23:00:00,6461.5,6463.25,6461.0,6463.0,480
2026-10-07 23:05:00,6463.0,6463.75,6463.0,6463.5,894
2026-10-07 23:10:00,6463.5,6464.0,6462.0,6463.0,486
2026-10-07 23:15:00,6463.0,6465.0,6462.5,6464.5,1365
2026-10-07 23:20:00,6464.5,6466.25,6463.75,6465.5,696
2026-10-07 23:25:00,6465.5,6466.0,6463.25,6463.5,711
2026-10-07 23:30:00,6463.5,6466.0,6463.0,6465.25,762
2026-10-07 23:35:00,6465.25,6465.5,6465.25,6465.5,630
2026-10-07 23:40:00,6465.5,6466.25,6464.25,6464.75,513
2026-10-07 23:45:00,6464.75,6466.75,6464.5,6466.5,882
2026-10-07 23:50:00,6466.5,6467.0,6465.75,6466.0,414
2026-10-07 23:55:00,6466.0,6467.25,6465.5,6467.25,822
2026-10-08 00:00:00,6467.25,6468.75,6466.5,6468.5,903
2026-10-08 00:05:00,6468.5,6469.75,6468.5,6469.5,438
2026-10-08 00:10:00,6469.5,6470.75,6469.25,6470.25,492
2026-10-08 00:15:00,6470.25,6471.5,6469.5,6470.5,795
2026-10-08 00:20:00,6470.5,6470.75,6470.25,6470.5,579
2026-10-08 00:25:00,6470.5,6472.0,6470.5,6471.5,1335
2026-10-08 00:30:00,6471.5,6471.75,6468.25,6468.75,711
2026-10-08 00:35:00,6468.75,6469.0,6466.75,6466.75,687
2026-10-08 00:40:00,6466.75,6467.25,6464.75,6466.25,1800
2026-10-08 00:45:00,6466.25,6467.0,6465.75,6467.0,615
2026-10-08 00:50:00,6467.0,6468.0,6466.0,6466.0,666
2026-10-08 00:55:00,6466.0,6467.0,6465.5,6466.5,453
2026-10-08 01:00:00,6466.5,6467.0,6464.0,6464.0,1089
2026-10-08 01:05:00,6464.0,6464.0,6463.0,6463.5,786
2026-10-08 01:10:00,6463.5,6464.5,6463.0,6464.25,687
2026-10-08 01:15:00,6464.25,6464.75,6463.25,6463.5,633
2026-10-08 01:20:00,6463.5,6464.75,6463.0,6464.25,360
2026-10-08 01:25:00,6464.25,6464.75,6463.75,6464.25,504
2026-10-08 01:30:00,6464.25,6465.25,6463.5,6465.0,612
2026-10-08 01:35:00,6465.0,6467.75,6464.5,6467.75,354
2026-10-08 01:40:00,6467.75,6469.75,6467.5,6469.25,444
2026-10-08 01:45:00,6469.25,6470.0,6467.75,6467.75,426
2026-10-08 01:50:00,6467.75,6469.75,6467.5,6469.0,552
2026-10-08 01:55:00,6469.0,6471.0,6468.5,6471.0,1047
2026-10-08 02:00:00,6471.0,6472.0,6470.5,6471.5,486
2026-10-08 02:05:00,6471.5,6471.75,6471.0,6471.75,537
2026-10-08 02:10:00,6471.75,6473.75,6471.5,6473.0,540
2026-10-08 02:15:00,6473.0,6473.75,6473.0,6473.5,339
2026-10-08 02:20:00,6473.5,6474.0,6473.0,6473.75,513
2026-10-08 02:25:00,6473.75,6475.5,6473.25,6475.0,771
2026-10-08 02:30:00,6475.0,6475.5,6474.25,6474.25,861
2026-10-08 02:35:00,6474.25,6475.75,6474.0,6474.25,342
2026-10-08 02:40:00,6474.25,6476.25,6473.75,6475.75,762
2026-10-08 02:45:00,6475.75,6477.5,6474.5,6476.5,642
2026-10-08 02:50:00,6476.5,6476.75,6475.75,6475.75,570
2026-10-08 02:55:00,6475.75,6477.0,6475.5,6476.75,843
2026-10-08 03:00:00,6476.75,6478.75,6476.5,6478.5,741
2026-10-08 03:05:00,6478.5,6479.25,6477.75,6477.75,690
2026-10-08 03:10:00,6477.75,6478.25,6475.0,6476.5,579
2026-10-08 03:15:00,6476.5,6477.5,6476.25,6477.0,897
2026-10-08 03:20:00,6477.0,6477.75,6476.5,6477.0,1080
2026-10-08 03:25:00,6477.0,6477.25,6472.25,6473.25,672
2026-10-08 03:30:00,6473.25,6473.5,6472.25,6473.0,510
2026-10-08 03:35:00,6473.0,6473.0,6471.5,6472.0,450
2026-10-08 03:40:00,6472.0,6472.0,6469.5,6470.25,735
2026-10-08 03:45:00,6470.25,6470.75,6469.75,6470.25,627
2026-10-08 03:50:00,6470.25,6471.5,6470.0,6470.5,495
2026-10-08 03:55:00,6470.5,6473.25,6470.0,6473.0,900
2026-10-08 04:00:00,6473.0,6473.75,6470.75,6472.0,501
2026-10-08 04:05:00,6472.0,6473.5,6472.0,6473.25,828
2026-10-08 04:10:00,6473.25,6474.0,6472.75,6473.5,879
2026-10-08 04:15:00,6473.5,6474.5,6473.25,6474.5,609
2026-10-08 04:20:00,6474.5,6477.0,6474.25,6476.25,528
2026-10-08 04:25:00,6476.25,6477.5,6475.25,6475.5,810
2026-10-08 04:30:00,6475.5,6476.0,6474.75,6475.25,477
2026-10-08 04:35:00,6475.25,6476.5,6474.75,6476.25,672
2026-10-08 04:40:00,6476.25,6476.5,6474.25,6474.5,561
2026-10-08 04:45:00,6474.5,6474.75,6471.75,6473.25,1164
2026-10-08 04:50:00,6473.25,6474.75,6473.25,6474.75,1029
2026-10-08 04:55:00,6474.75,6475.0,6472.75,6473.25,699
2026-10-08 05:00:00,6473.25,6475.0,6472.5,6474.0,516
2026-10-08 05:05:00,6474.0,6474.0,6473.25,6473.25,705
2026-10-08 05:10:00,6473.25,6474.5,6472.25,6474.25,807
2026-10-08 05:15:00,6474.25,6474.25,6473.25,6473.5,879
2026-10-08 05:20:00,6473.5,6473.75,6472.75,6473.0,627
2026-10-08 05:25:00,6473.0,6475.25,6472.75,6474.5,300
2026-10-08 05:30:00,6474.5,6475.75,6474.25,6475.0,504
2026-10-08 05:35:00,6475.0,6477.0,6474.5,6476.75,546
2026-10-08 05:40:00,6476.75,6479.0,6476.75,6478.75,774
2026-10-08 05:45:00,6478.75,6478.75,6477.75,6478.25,1215
2026-10-08 05:50:00,6478.25,6478.75,6476.5,6476.5,819
2026-10-08 05:55:00,6476.5,6477.25,6476.0,6477.0,942
2026-10-08 06:00:00,6477.0,6477.25,6474.5,6474.5,552
2026-10-08 06:05:00,6474.5,6477.25,6473.25,6476.75,474
2026-10-08 06:10:00,6476.75,6477.75,6476.25,6477.5,471
2026-10-08 06:15:00,6477.5,6478.0,6476.5,6476.75,888
2026-10-08 06:20:00,6476.75,6477.5,6474.75,6475.25,465
2026-10-08 06:25:00,6475.25,6475.75,6475.0,6475.5,630
2026-10-08 06:30:00,6475.5,6476.0,6475.0,6475.0,819
2026-10-08 06:35:00,6475.0,6475.5,6474.5,6475.25,696
2026-10-08 06:40:00,6475.25,6475.75,6474.0,6474.75,540
2026-10-08 06:45:00,6474.75,6476.75,6474.0,6476.25,249
2026-10-08 06:50:00,6476.25,6476.75,6475.5,6476.0,789
2026-10-08 06:55:00,6476.0,6476.5,6475.75,6475.75,762
2026-10-08 07:00:00,6475.75,6475.75,6473.0,6473.25,777
2026-10-08 07:05:00,6473.25,6474.25,6471.75,6472.0,654
2026-10-08 07:10:00,6472.0,6472.25,6469.75,6470.25,1467
2026-10-08 07:15:00,6470.25,6471.5,6469.75,6471.5,1005
2026-10-08 07:20:00,6471.5,6474.25,6471.0,6474.25,717
2026-10-08 07:25:00,6474.25,6476.25,6473.5,6475.75,1755
2026-10-08 07:30:00,6475.75,6476.25,6474.75,6474.75,840
2026-10-08 07:35:00,6474.75,6476.25,6474.25,6475.75,390
2026-10-08 07:40:00,6475.75,6476.0,6474.75,6475.0,816
2026-10-08 07:45:00,6475.0,6476.75,6474.5,6476.0,747
2026-10-08 07:50:00,6476.0,6476.75,6475.75,6475.75,594
2026-10-08 07:55:00,6475.75,6477.0,6474.75,6476.75,603
2026-10-08 08:00:00,6476.75,6477.25,6474.0,6474.75,552
2026-10-08 08:05:00,6474.75,6474.75,6474.25,6474.25,1284
2026-10-08 08:10:00,6474.25,6475.25,6473.0,6475.0,765
2026-10-08 08:15:00,6475.0,6476.0,6474.25,6475.25,585
2026-10-08 08:20:00,6475.25,6475.75,6474.0,6474.5,936
2026-10-08 08:25:00,6474.5,6475.5,6474.0,6475.25,1017
2026-10-08 08:30:00,6475.25,6478.75,6475.0,6478.0,531
2026-10-08 08:35:00,6478.0,6478.25,6477.5,6477.5,498
2026-10-08 08:40:00,6477.5,6480.25,6477.0,6479.75,654
2026-10-08 08:45:00,6479.75,6480.25,6479.0,6479.25,1011
2026-10-08 08:50:00,6479.25,6480.0,6479.0,6479.5,549
2026-10-08 08:55:00,6479.5,6480.25,6479.0,6480.25,789
2026-10-08 09:00:00,6480.25,6480.5,6478.75,6479.25,855
2026-10-08 09:05:00,6479.25,6479.5,6477.0,6477.75,990
2026-10-08 09:10:00,6477.75,6478.5,6476.75,6476.75,462
2026-10-08 09:15:00,6476.75,6477.0,6476.25,6476.25,570
2026-10-08 09:20:00,6476.25,6476.5,6475.5,6476.0,795
2026-10-08 09:25:00,6476.0,6476.25,6473.75,6473.75,675
