timestamp,open,high,low,close,volume
2026-09-27 18:00:00,28900.0,28906.5,28896.25,28901.25,281
2026-09-27 18:05:00,28901.25,28902.0,28898.75,28899.5,207
2026-09-27 18:10:00,28899.5,28902.5,28899.25,28902.25,238
2026-09-27 18:15:00,28902.25,28903.75,28899.5,28900.0,139
2026-09-27 18:20:00,28900.0,28904.25,28899.5,28903.5,281
2026-09-27 18:25:00,28903.5,28907.25,28896.0,28899.5,239
2026-09-27 18:30:00,28899.5,28909.25,28896.25,28906.75,165
2026-09-27 18:35:00,28906.75,28908.0,28902.5,28903.75,305
2026-09-27 18:40:00,28903.75,28906.0,28896.25,28900.25,276
2026-09-27 18:45:00,28900.25,28914.5,28893.25,28912.25,677
2026-09-27 18:50:00,28912.25,28918.5,28909.5,28916.75,192
2026-09-27 18:55:00,28916.75,28917.5,28911.5,28915.0,185
2026-09-27 19:00:00,28915.0,28917.75,28905.5,28909.5,163
2026-09-27 19:05:00,28909.5,28910.25,28902.75,28906.25,238
2026-09-27 19:10:00,28906.25,28912.5,28900.75,28902.25,332
2026-09-27 19:15:00,28902.25,28904.0,28897.75,28901.25,211
2026-09-27 19:20:00,28901.25,28901.5,28896.0,28897.25,256
2026-09-27 19:25:00,28897.25,28897.75,28891.25,28893.5,285
2026-09-27 19:30:00,28893.5,28898.5,28879.0,28882.75,234
2026-09-27 19:35:00,28882.75,28883.5,28877.75,28880.5,155
2026-09-27 19:40:00,28880.5,28883.0,28879.25,28880.25,366
2026-09-27 19:45:00,28880.25,28881.75,28878.5,28880.0,336
2026-09-27 19:50:00,28880.0,28880.25,28865.75,28867.25,222
2026-09-27 19:55:00,28867.25,28869.25,28858.5,28861.0,264
2026-09-27 20:00:00,28861.0,28862.75,28855.5,28858.5,289
2026-09-27 20:05:00,28858.5,28864.0,28857.75,28859.5,155
2026-09-27 20:10:00,28859.5,28861.75,28849.25,28853.25,192
2026-09-27 20:15:00,28853.25,28862.75,28850.5,28857.75,95
2026-09-27 20:20:00,28857.75,28858.0,28849.25,28849.75,161
2026-09-27 20:25:00,28849.75,28859.75,28849.75,28858.25,240
2026-09-27 20:30:00,28858.25,28858.5,28854.5,28856.75,302
2026-09-27 20:35:00,28856.75,28863.0,28852.75,28854.25,291
2026-09-27 20:40:00,28854.25,28872.75,28851.75,28870.25,571
2026-09-27 20:45:00,28870.25,28876.5,28867.75,28874.5,366
2026-09-27 20:50:00,28874.5,28879.5,28871.0,28877.5,166
2026-09-27 20:55:00,28877.5,28886.5,28877.5,28885.25,441
2026-09-27 21:00:00,28885.25,28891.5,28883.25,28888.75,292
2026-09-27 21:05:00,28888.75,28893.25,28878.5,28892.75,273
2026-09-27 21:10:00,28892.75,28895.0,28890.0,28890.5,241
2026-09-27 21:15:00,28890.5,28891.5,28882.25,28882.5,236
2026-09-27 21:20:00,28882.5,28884.75,28882.0,28884.75,246
2026-09-27 21:25:00,28884.75,28887.0,28880.0,28881.75,233
2026-09-27 21:30:00,28881.75,28886.0,28878.75,28883.75,229
2026-09-27 21:35:00,28883.75,28885.5,28875.75,28880.0,152
2026-09-27 21:40:00,28880.0,28881.5,28875.0,28876.5,256
2026-09-27 21:45:00,28876.5,28878.5,28869.25,28872.5,210
2026-09-27 21:50:00,28872.5,28885.5,28868.5,28881.25,465
2026-09-27 21:55:00,28881.25,28887.0,28880.0,28884.75,473
2026-09-27 22:00:00,28884.75,28891.75,28881.75,28890.0,152
2026-09-27 22:05:00,28890.0,28893.75,28889.25,28889.5,255
2026-09-27 22:10:00,28889.5,28890.25,28888.75,28888.75,239
2026-09-27 22:15:00,28888.75,28899.25,28886.5,28893.25,135
2026-09-27 22:20:00,28893.25,28898.25,28881.75,28883.5,231
2026-09-27 22:25:00,28883.5,28887.0,28871.5,28872.0,227
2026-09-27 22:30:00,28872.0,28881.25,28870.75,28880.25,214
2026-09-27 22:35:00,28880.25,28883.0,28876.0,28878.75,335
2026-09-27 22:40:00,28878.75,28879.5,28874.75,28878.75,514
2026-09-27 22:45:00,28878.75,28879.75,28877.5,28879.5,179
2026-09-27 22:50:00,28879.5,28880.75,28872.5,28874.25,307
2026-09-27 22:55:00,28874.25,28883.75,28872.0,28875.75,247
2026-09-27 23:00:00,28875.75,28878.75,28865.5,28870.0,230
2026-09-27 23:05:00,28870.0,28875.0,28867.5,28869.25,155
2026-09-27 23:10:00,28869.25,28875.25,28869.0,28872.5,241
2026-09-27 23:15:00,28872.5,28872.75,28865.0,28867.5,182
2026-09-27 23:20:00,28867.5,28868.25,28865.25,28866.75,200
2026-09-27 23:25:00,28866.75,28867.25,28859.25,28860.75,391
2026-09-27 23:30:00,28860.75,28864.25,28857.75,28863.25,145
2026-09-27 23:35:00,28863.25,28868.25,28861.5,28866.75,81
2026-09-27 23:40:00,28866.75,28869.5,28865.5,28868.25,200
2026-09-27 23:45:00,28868.25,28873.0,28862.0,28872.75,321
2026-09-27 23:50:00,28872.75,28885.0,28870.75,28880.25,308
2026-09-27 23:55:00,28880.25,28881.0,28873.5,28874.0,160
2026-09-28 00:00:00,28874.0,28876.0,28870.25,28871.0,322
2026-09-28 00:05:00,28871.0,28872.5,28864.0,28868.0,171
2026-09-28 00:10:00,28868.0,28868.5,28860.75,28865.75,309
2026-09-28 00:15:00,28865.75,28868.25,28863.5,28864.75,307
2026-09-28 00:20:00,28864.75,28871.0,28859.5,28859.5,231
2026-09-28 00:25:00,28859.5,28860.25,28855.0,28856.5,278
2026-09-28 00:30:00,28856.5,28861.0,28840.75,28844.75,278
2026-09-28 00:35:00,28844.75,28846.0,28843.0,28843.5,161
2026-09-28 00:40:00,28843.5,28843.75,28836.0,28837.75,401
2026-09-28 00:45:00,28837.75,28845.25,28835.5,28840.5,160
2026-09-28 00:50:00,28840.5,28846.0,28839.25,28840.25,355
2026-09-28 00:55:00,28840.25,28845.0,28838.75,28843.25,292
2026-09-28 01:00:00,28843.25,28854.25,28841.25,28851.5,268
2026-09-28 01:05:00,28851.5,28855.5,28849.5,28852.25,635
2026-09-28 01:10:00,28852.25,28859.0,28851.25,28856.5,340
2026-09-28 01:15:00,28856.5,28862.0,28854.25,28857.5,117
2026-09-28 01:20:00,28857.5,28862.25,28857.0,28860.25,134
2026-09-28 01:25:00,28860.25,28863.0,28856.75,28857.0,233
2026-09-28 01:30:00,28857.0,28859.75,28853.0,28853.0,345
2026-09-28 01:35:00,28853.0,28853.5,28849.25,28849.75,182
2026-09-28 01:40:00,28849.75,28855.0,28844.5,28852.25,211
2026-09-28 01:45:00,28852.25,28860.0,28848.5,28853.5,234
2026-09-28 01:50:00,28853.5,28855.0,28850.5,28854.5,349
2026-09-28 01:55:00,28854.5,28859.75,28851.5,28857.25,276
2026-09-28 02:00:00,28857.25,28859.25,28855.0,28858.5,150
2026-09-28 02:05:00,28858.5,28862.5,28856.0,28858.0,152
2026-09-28 02:10:00,28858.0,28861.5,28851.0,28853.5,261
2026-09-28 02:15:00,28853.5,28856.5,28847.0,28848.75,376
2026-09-28 02:20:00,28848.75,28856.0,28845.75,28853.0,161
2026-09-28 02:25:00,28853.0,28865.5,28851.25,28860.25,311
2026-09-28 02:30:00,28860.25,28879.75,28860.25,28878.25,278
2026-09-28 02:35:00,28878.25,28879.5,28869.25,28872.5,207
2026-09-28 02:40:00,28872.5,28877.0,28870.0,28870.75,271
2026-09-28 02:45:00,28870.75,28871.25,28858.5,28863.5,227
2026-09-28 02:50:00,28863.5,28873.75,28861.5,28868.5,153
2026-09-28 02:55:00,28868.5,28868.5,28866.25,28866.5,244
2026-09-28 03:00:00,28866.5,28869.25,28856.75,28859.25,411
2026-09-28 03:05:00,28859.25,28866.75,28855.5,28864.25,116
2026-09-28 03:10:00,28864.25,28865.0,28850.0,28854.0,180
2026-09-28 03:15:00,28854.0,28859.0,28850.75,28857.0,228
2026-09-28 03:20:00,28857.0,28865.25,28856.75,28860.0,553
2026-09-28 03:25:00,28860.0,28870.25,28856.75,28867.25,325
2026-09-28 03:30:00,28867.25,28868.0,28866.25,28866.5,261
2026-09-28 03:35:00,28866.5,28866.5,28865.0,28865.25,201
2026-09-28 03:40:00,28865.25,28866.25,28861.5,28865.0,171
2026-09-28 03:45:00,28865.0,28871.5,28862.5,28866.0,175
2026-09-28 03:50:00,28866.0,28875.5,28864.0,28872.5,198
2026-09-28 03:55:00,28872.5,28879.75,28871.25,28877.25,366
2026-09-28 04:00:00,28877.25,28879.25,28872.25,28876.75,205
2026-09-28 04:05:00,28876.75,28882.5,28876.0,28877.0,255
2026-09-28 04:10:00,28877.0,28879.25,28869.75,28876.25,194
2026-09-28 04:15:00,28876.25,28885.0,28872.25,28883.25,281
2026-09-28 04:20:00,28883.25,28884.5,28882.25,28882.5,138
2026-09-28 04:25:00,28882.5,28884.5,28881.0,28882.75,319
2026-09-28 04:30:00,28882.75,28886.5,28880.5,28881.0,254
2026-09-28 04:35:00,28881.0,28883.75,28878.0,28880.0,210
2026-09-28 04:40:00,28880.0,28884.0,28879.5,28881.25,188
2026-09-28 04:45:00,28881.25,28882.75,28877.25,28882.25,170
2026-09-28 04:50:00,28882.25,28882.75,28865.75,28866.5,282
2026-09-28 04:55:00,28866.5,28868.25,28855.25,28859.0,271
2026-09-28 05:00:00,28859.0,28859.75,28850.5,28853.75,212
2026-09-28 05:05:00,28853.75,28856.0,28844.5,28844.75,204
2026-09-28 05:10:00,28844.75,28846.25,28836.25,28836.5,202
2026-09-28 05:15:00,28836.5,28838.75,28833.75,28838.75,459
2026-09-28 05:20:00,28838.75,28841.75,28838.25,28841.0,214
2026-09-28 05:25:00,28841.0,28849.75,28835.75,28847.5,268
2026-09-28 05:30:00,28847.5,28847.5,28832.75,28835.5,275
2026-09-28 05:35:00,28835.5,28842.5,28835.25,28842.0,262
2026-09-28 05:40:00,28842.0,28843.5,28838.5,28839.75,191
2026-09-28 05:45:00,28839.75,28842.0,28832.75,28839.0,388
2026-09-28 05:50:00,28839.0,28846.5,28837.0,28845.5,167
2026-09-28 05:55:00,28845.5,28855.75,28844.25,28853.75,145
2026-09-28 06:00:00,28853.75,28860.5,28851.75,28858.75,449
2026-09-28 06:05:00,28858.75,28859.5,28857.5,28858.75,175
2026-09-28 06:10:00,28858.75,28865.75,28852.25,28865.0,178
2026-09-28 06:15:00,28865.0,28872.5,28861.0,28871.5,156
2026-09-28 06:20:00,28871.5,28874.75,28863.75,28873.0,307
2026-09-28 06:25:00,28873.0,28884.25,28870.25,28883.75,169
2026-09-28 06:30:00,28883.75,28887.5,28880.75,28885.75,382
2026-09-28 06:35:00,28885.75,28887.25,28881.75,28885.5,332
2026-09-28 06:40:00,28885.5,28888.0,28880.25,28885.25,262
2026-09-28 06:45:00,28885.25,28886.75,28883.0,28883.75,386
2026-09-28 06:50:00,28883.75,28887.75,28876.0,28877.25,369
2026-09-28 06:55:00,28877.25,28879.0,28870.0,28870.0,208
2026-09-28 07:00:00,28870.0,28870.25,28864.0,28867.0,358
2026-09-28 07:05:00,28867.0,28867.25,28862.25,28866.0,312
2026-09-28 07:10:00,28866.0,28869.5,28863.5,28869.0,315
2026-09-28 07:15:00,28869.0,28870.0,28867.25,28868.25,200
2026-09-28 07:20:00,28868.25,28869.25,28866.5,28868.75,284
2026-09-28 07:25:00,28868.75,28870.75,28864.0,28865.5,209
2026-09-28 07:30:00,28865.5,28870.75,28863.0,28865.25,134
2026-09-28 07:35:00,28865.25,28868.5,28859.0,28868.25,134
2026-09-28 07:40:00,28868.25,28870.75,28858.5,28858.75,214
2026-09-28 07:45:00,28858.75,28861.5,28848.5,28853.75,226
2026-09-28 07:50:00,28853.75,28854.5,28850.0,28852.75,245
2026-09-28 07:55:00,28852.75,28854.5,28845.5,28847.0,242
2026-09-28 08:00:00,28847.0,28851.5,28843.25,28848.0,282
2026-09-28 08:05:00,28848.0,28858.75,28844.25,28857.75,319
2026-09-28 08:10:00,28857.75,28873.0,28856.25,28868.25,153
2026-09-28 08:15:00,28868.25,28871.75,28864.75,28868.25,306
2026-09-28 08:20:00,28868.25,28875.25,28867.75,28875.25,216
2026-09-28 08:25:00,28875.25,28882.25,28870.25,28877.5,163
2026-09-28 08:30:00,28877.5,28886.25,28870.75,28881.75,232
2026-09-28 08:35:00,28881.75,28882.25,28875.0,28876.75,175
2026-09-28 08:40:00,28876.75,28889.0,28875.25,28885.5,448
2026-09-28 08:45:00,28885.5,28888.5,28881.5,28887.25,331
2026-09-28 08:50:00,28887.25,28888.75,28881.25,28884.25,354
2026-09-28 08:55:00,28884.25,28885.0,28877.0,28880.75,279
2026-09-28 09:00:00,28880.75,28881.5,28869.0,28870.25,247
2026-09-28 09:05:00,28870.25,28877.5,28869.0,28876.5,342
2026-09-28 09:10:00,28876.5,28879.0,28873.0,28874.0,207
2026-09-28 09:15:00,28874.0,28876.5,28872.25,28873.0,285
2026-09-28 09:20:00,28873.0,28886.75,28871.75,28880.0,218
2026-09-28 09:25:00,28880.0,28886.0,28877.75,28884.0,106
2026-09-28 09:30:00,28884.0,28885.75,28880.25,28880.25,1334
2026-09-28 09:35:00,28880.25,28881.25,28862.25,28864.25,940
2026-09-28 09:40:00,28864.25,28868.5,28853.75,28855.75,1481
2026-09-28 09:45:00,28855.75,28875.75,28849.25,28850.25,1269
2026-09-28 09:50:00,28850.25,28855.25,28838.75,28839.25,2177
2026-09-28 09:55:00,28839.25,28845.5,28829.5,28831.25,1169
2026-09-28 10:00:00,28831.25,28843.25,28828.5,28833.5,2922
2026-09-28 10:05:00,28833.5,28841.5,28797.25,28801.75,1008
2026-09-28 10:10:00,28801.75,28825.75,28791.0,28823.75,2651
2026-09-28 10:15:00,28823.75,28825.25,28820.25,28824.0,960
2026-09-28 10:20:00,28824.0,28826.75,28797.25,28799.0,870
2026-09-28 10:25:00,28799.0,28815.75,28783.0,28793.5,1704
2026-09-28 10:30:00,28793.5,28799.0,28788.25,28790.0,1877
2026-09-28 10:35:00,28790.0,28809.0,28788.0,28797.0,1554
2026-09-28 10:40:00,28797.0,28809.25,28793.25,28807.0,1051
2026-09-28 10:45:00,28807.0,28807.5,28799.25,28806.5,1320
2026-09-28 10:50:00,28806.5,28808.25,28786.75,28792.75,863
2026-09-28 10:55:00,28792.75,28796.5,28763.25,28765.5,1265
2026-09-28 11:00:00,28765.5,28771.0,28754.0,28762.25,2557
2026-09-28 11:05:00,28762.25,28772.25,28756.0,28767.0,1057
2026-09-28 11:10:00,28767.0,28782.0,28765.75,28777.0,1094
2026-09-28 11:15:00,28777.0,28794.0,28770.75,28788.0,1109
2026-09-28 11:20:00,28788.0,28800.25,28783.25,28798.25,1996
2026-09-28 11:25:00,28798.25,28802.0,28785.25,28791.25,885
2026-09-28 11:30:00,28791.25,28797.75,28786.25,28797.0,747
2026-09-28 11:35:00,28797.0,28802.75,28793.75,28801.0,886
2026-09-28 11:40:00,28801.0,28809.75,28797.75,28806.75,1390
2026-09-28 11:45:00,28806.75,28808.25,28805.0,28807.25,720
2026-09-28 11:50:00,28807.25,28818.25,28807.0,28815.5,1233
2026-09-28 11:55:00,28815.5,28832.5,28813.25,28825.0,1161
2026-09-28 12:00:00,28825.0,28830.5,28820.5,28826.5,1021
2026-09-28 12:05:00,28826.5,28834.5,28812.5,28817.75,787
2026-09-28 12:10:00,28817.75,28830.0,28815.0,28822.75,837
2026-09-28 12:15:00,28822.75,28827.5,28815.75,28817.0,1796
2026-09-28 12:20:00,28817.0,28826.25,28815.75,28822.75,1096
2026-09-28 12:25:00,28822.75,28831.5,28813.25,28824.75,637
2026-09-28 12:30:00,28824.75,28838.5,28819.25,28834.0,599
2026-09-28 12:35:00,28834.0,28839.5,28801.5,28808.25,743
2026-09-28 12:40:00,28808.25,28817.75,28805.0,28812.0,1247
2026-09-28 12:45:00,28812.0,28815.75,28807.25,28811.0,1226
2026-09-28 12:50:00,28811.0,28818.25,28796.0,28799.0,880
2026-09-28 12:55:00,28799.0,28802.25,28792.0,28797.0,768
2026-09-28 13:00:00,28797.0,28801.0,28782.75,28783.0,778
2026-09-28 13:05:00,28783.0,28791.75,28782.75,28786.0,970
2026-09-28 13:10:00,28786.0,28794.75,28783.0,28794.25,1477
2026-09-28 13:15:00,28794.25,28794.75,28780.75,28784.5,441
2026-09-28 13:20:00,28784.5,28787.5,28771.5,28780.25,972
2026-09-28 13:25:00,28780.25,28781.25,28756.25,28767.75,1348
2026-09-28 13:30:00,28767.75,28773.5,28750.75,28753.0,1615
2026-09-28 13:35:00,28753.0,28759.25,28751.0,28756.75,1153
2026-09-28 13:40:00,28756.75,28764.25,28754.0,28754.5,1418
2026-09-28 13:45:00,28754.5,28762.75,28754.25,28760.75,1256
2026-09-28 13:50:00,28760.75,28771.5,28742.0,28746.5,1132
2026-09-28 13:55:00,28746.5,28753.25,28745.75,28752.75,2110
2026-09-28 14:00:00,28752.75,28760.5,28751.75,28757.25,2363
2026-09-28 14:05:00,28757.25,28768.75,28742.5,28762.75,2977
2026-09-28 14:10:00,28762.75,28778.25,28753.5,28772.75,1272
2026-09-28 14:15:00,28772.75,28781.0,28766.0,28780.5,1586
2026-09-28 14:20:00,28780.5,28797.25,28778.75,28793.25,1180
2026-09-28 14:25:00,28793.25,28815.25,28790.75,28809.75,2286
2026-09-28 14:30:00,28809.75,28829.5,28808.75,28824.5,1685
2026-09-28 14:35:00,28824.5,28831.5,28814.0,28817.25,1276
2026-09-28 14:40:00,28817.25,28824.25,28817.0,28823.0,1593
2026-09-28 14:45:00,28823.0,28844.0,28822.75,28837.75,1016
2026-09-28 14:50:00,28837.75,28838.25,28815.5,28818.0,1276
2026-09-28 14:55:00,28818.0,28829.25,28815.75,28824.0,1736
2026-09-28 15:00:00,28824.0,28829.5,28797.0,28801.75,1896
2026-09-28 15:05:00,28801.75,28845.75,28801.0,28820.0,1919
2026-09-28 15:10:00,28820.0,28832.75,28790.75,28807.5,1476
2026-09-28 15:15:00,28807.5,28812.75,28793.0,28793.25,1049
2026-09-28 15:20:00,28793.25,28809.0,28786.75,28807.25,1079
2026-09-28 15:25:00,28807.25,28809.0,28783.75,28790.75,1965
2026-09-28 15:30:00,28790.75,28802.75,28784.5,28794.75,1393
2026-09-28 15:35:00,28794.75,28796.25,28786.5,28787.75,1575
2026-09-28 15:40:00,28787.75,28803.25,28787.25,28791.25,2223
2026-09-28 15:45:00,28791.25,28797.25,28789.0,28795.75,915
2026-09-28 15:50:00,28795.75,28803.25,28793.25,28802.25,1315
2026-09-28 15:55:00,28802.25,28824.5,28801.75,28810.75,1573
2026-09-28 16:00:00,28810.75,28823.25,28809.25,28817.0,133
2026-09-28 16:05:00,28817.0,28819.75,28806.0,28810.75,196
2026-09-28 16:10:00,28810.75,28818.5,28807.5,28818.25,226
2026-09-28 16:15:00,28818.25,28818.75,28806.5,28813.5,285
2026-09-28 16:20:00,28813.5,28819.25,28812.5,28818.25,157
2026-09-28 16:25:00,28818.25,28819.0,28818.25,28819.0,358
2026-09-28 16:30:00,28819.0,28822.5,28818.5,28821.5,258
2026-09-28 16:35:00,28821.5,28824.5,28817.75,28818.5,285
2026-09-28 16:40:00,28818.5,28822.25,28800.0,28802.0,176
2026-09-28 16:45:00,28802.0,28804.25,28798.0,28799.75,112
2026-09-28 16:50:00,28799.75,28809.75,28799.5,28807.5,162
2026-09-28 16:55:00,28807.5,28811.25,28801.75,28802.5,162
2026-09-28 18:00:00,28802.5,28804.25,28796.25,28800.25,258
2026-09-28 18:05:00,28800.25,28805.0,28800.0,28804.5,231
2026-09-28 18:10:00,28804.5,28805.0,28797.75,28804.0,141
2026-09-28 18:15:00,28804.0,28807.5,28798.25,28802.0,128
2026-09-28 18:20:00,28802.0,28802.25,28795.0,28799.0,161
2026-09-28 18:25:00,28799.0,28807.5,28797.0,28803.0,181
2026-09-28 18:30:00,28803.0,28809.25,28796.0,28807.0,297
2026-09-28 18:35:00,28807.0,28808.25,28801.25,28804.0,338
2026-09-28 18:40:00,28804.0,28813.5,28803.75,28808.0,151
2026-09-28 18:45:00,28808.0,28812.25,28807.25,28811.5,458
2026-09-28 18:50:00,28811.5,28819.25,28804.25,28806.25,338
2026-09-28 18:55:00,28806.25,28810.25,28806.25,28809.25,177
2026-09-28 19:00:00,28809.25,28815.5,28807.25,28813.75,153
2026-09-28 19:05:00,28813.75,28815.25,28805.25,28809.0,103
2026-09-28 19:10:00,28809.0,28812.75,28807.0,28810.0,244
2026-09-28 19:15:00,28810.0,28816.75,28807.75,28812.5,407
2026-09-28 19:20:00,28812.5,28813.75,28804.5,28806.5,207
2026-09-28 19:25:00,28806.5,28807.75,28798.5,28800.25,165
2026-09-28 19:30:00,28800.25,28812.25,28799.25,28810.0,162
2026-09-28 19:35:00,28810.0,28816.25,28808.0,28815.0,290
2026-09-28 19:40:00,28815.0,28818.5,28811.75,28816.5,200
2026-09-28 19:45:00,28816.5,28818.5,28811.25,28811.25,138
2026-09-28 19:50:00,28811.25,28813.0,28808.5,28810.5,124
2026-09-28 19:55:00,28810.5,28812.75,28807.75,28808.25,296
2026-09-28 20:00:00,28808.25,28812.25,28806.25,28810.25,201
2026-09-28 20:05:00,28810.25,28820.0,28806.75,28819.5,206
2026-09-28 20:10:00,28819.5,28820.5,28813.25,28815.75,219
2026-09-28 20:15:00,28815.75,28817.0,28811.0,28815.25,277
2026-09-28 20:20:00,28815.25,28819.0,28801.0,28805.5,219
2026-09-28 20:25:00,28805.5,28810.75,28801.25,28808.0,139
2026-09-28 20:30:00,28808.0,28811.25,28805.0,28810.5,174
2026-09-28 20:35:00,28810.5,28813.75,28808.25,28811.0,212
2026-09-28 20:40:00,28811.0,28820.25,28809.75,28817.5,313
2026-09-28 20:45:00,28817.5,28830.25,28815.5,28825.5,169
2026-09-28 20:50:00,28825.5,28830.25,28822.0,28823.25,320
2026-09-28 20:55:00,28823.25,28828.5,28819.5,28827.75,263
2026-09-28 21:00:00,28827.75,28831.75,28820.5,28825.0,163
2026-09-28 21:05:00,28825.0,28831.0,28821.75,28829.75,216
2026-09-28 21:10:00,28829.75,28833.5,28829.5,28833.25,328
2026-09-28 21:15:00,28833.25,28837.25,28828.75,28836.5,331
2026-09-28 21:20:00,28836.5,28846.5,28833.5,28845.25,657
2026-09-28 21:25:00,28845.25,28846.75,28840.0,28841.25,259
2026-09-28 21:30:00,28841.25,28842.75,28830.25,28832.25,222
2026-09-28 21:35:00,28832.25,28832.75,28828.5,28831.0,135
2026-09-28 21:40:00,28831.0,28836.5,28823.25,28827.0,165
2026-09-28 21:45:00,28827.0,28828.5,28817.25,28823.5,160
2026-09-28 21:50:00,28823.5,28824.0,28814.25,28814.5,184
2026-09-28 21:55:00,28814.5,28818.75,28811.75,28818.5,295
2026-09-28 22:00:00,28818.5,28819.0,28813.5,28816.5,278
2026-09-28 22:05:00,28816.5,28821.0,28816.0,28820.0,243
2026-09-28 22:10:00,28820.0,28821.75,28815.0,28816.5,278
2026-09-28 22:15:00,28816.5,28818.75,28811.75,28813.5,212
2026-09-28 22:20:00,28813.5,28818.0,28807.25,28808.0,318
2026-09-28 22:25:00,28808.0,28817.25,28805.75,28814.5,245
2026-09-28 22:30:00,28814.5,28815.5,28809.75,28812.0,197
2026-09-28 22:35:00,28812.0,28813.5,28805.5,28808.75,214
2026-09-28 22:40:00,28808.75,28826.75,28806.75,28824.5,251
2026-09-28 22:45:00,28824.5,28830.75,28817.0,28817.5,357
2026-09-28 22:50:00,28817.5,28821.5,28817.0,28817.75,137
2026-09-28 22:55:00,28817.75,28824.0,28816.25,28823.75,228
2026-09-28 23:00:00,28823.75,28825.5,28822.75,28824.75,325
2026-09-28 23:05:00,28824.75,28825.75,28822.5,28824.0,122
2026-09-28 23:10:00,28824.0,28833.5,28822.25,28833.5,173
2026-09-28 23:15:00,28833.5,28834.0,28827.5,28829.0,170
2026-09-28 23:20:00,28829.0,28830.5,28826.5,28827.25,152
2026-09-28 23:25:00,28827.25,28828.5,28821.5,28826.0,182
2026-09-28 23:30:00,28826.0,28826.75,28815.75,28821.5,224
2026-09-28 23:35:00,28821.5,28822.75,28816.5,28816.75,185
2026-09-28 23:40:00,28816.75,28819.75,28803.5,28807.25,233
2026-09-28 23:45:00,28807.25,28821.5,28799.0,28816.75,416
2026-09-28 23:50:00,28816.75,28822.0,28809.75,28817.25,217
2026-09-28 23:55:00,28817.25,28824.25,28812.0,28812.75,433
2026-09-29 00:00:00,28812.75,28817.25,28807.5,28816.5,317
2026-09-29 00:05:00,28816.5,28820.0,28815.25,28815.25,349
2026-09-29 00:10:00,28815.25,28817.25,28813.75,28816.0,383
2026-09-29 00:15:00,28816.0,28816.25,28812.5,28813.0,175
2026-09-29 00:20:00,28813.0,28819.0,28808.0,28811.0,412
2026-09-29 00:25:00,28811.0,28819.75,28808.25,28818.25,162
2026-09-29 00:30:00,28818.25,28827.5,28815.5,28825.5,297
2026-09-29 00:35:00,28825.5,28830.25,28824.0,28828.75,187
2026-09-29 00:40:00,28828.75,28829.25,28816.0,28819.0,300
2026-09-29 00:45:00,28819.0,28823.25,28809.75,28810.25,444
2026-09-29 00:50:00,28810.25,28817.25,28807.75,28812.75,265
2026-09-29 00:55:00,28812.75,28815.5,28812.75,28815.25,220
2026-09-29 01:00:00,28815.25,28817.5,28813.75,28814.5,230
2026-09-29 01:05:00,28814.5,28815.75,28802.5,28802.5,188
2026-09-29 01:10:00,28802.5,28806.5,28793.5,28797.75,278
2026-09-29 01:15:00,28797.75,28801.75,28794.75,28797.25,218
2026-09-29 01:20:00,28797.25,28801.5,28790.5,28790.75,231
2026-09-29 01:25:00,28790.75,28801.75,28788.25,28796.75,218
2026-09-29 01:30:00,28796.75,28798.25,28795.75,28798.0,508
2026-09-29 01:35:00,28798.0,28799.0,28793.5,28796.0,229
2026-09-29 01:40:00,28796.0,28798.25,28794.75,28796.5,199
2026-09-29 01:45:00,28796.5,28801.0,28794.5,28798.5,202
2026-09-29 01:50:00,28798.5,28802.25,28795.75,28798.25,213
2026-09-29 01:55:00,28798.25,28802.75,28798.0,28800.5,224
2026-09-29 02:00:00,28800.5,28801.75,28799.0,28799.75,160
2026-09-29 02:05:00,28799.75,28802.0,28792.0,28797.0,192
2026-09-29 02:10:00,28797.0,28806.75,28794.25,28803.25,188
2026-09-29 02:15:00,28803.25,28807.25,28797.25,28800.5,463
2026-09-29 02:20:00,28800.5,28802.5,28795.5,28797.0,173
2026-09-29 02:25:00,28797.0,28799.75,28794.25,28799.25,188
2026-09-29 02:30:00,28799.25,28801.0,28798.25,28799.5,247
2026-09-29 02:35:00,28799.5,28800.0,28794.0,28794.75,282
2026-09-29 02:40:00,28794.75,28800.5,28792.0,28798.75,337
2026-09-29 02:45:00,28798.75,28799.0,28787.75,28791.75,141
2026-09-29 02:50:00,28791.75,28793.5,28789.0,28791.5,225
2026-09-29 02:55:00,28791.5,28793.5,28788.0,28792.5,175
2026-09-29 03:00:00,28792.5,28794.25,28787.0,28787.75,146
2026-09-29 03:05:00,28787.75,28796.75,28782.5,28793.75,125
2026-09-29 03:10:00,28793.75,28794.75,28785.0,28786.25,252
2026-09-29 03:15:00,28786.25,28788.0,28776.75,28778.5,306
2026-09-29 03:20:00,28778.5,28785.5,28770.0,28771.0,385
2026-09-29 03:25:00,28771.0,28771.25,28763.25,28766.25,284
2026-09-29 03:30:00,28766.25,28768.0,28762.0,28763.25,287
2026-09-29 03:35:00,28763.25,28764.0,28757.5,28758.25,168
2026-09-29 03:40:00,28758.25,28762.25,28757.75,28761.0,168
2026-09-29 03:45:00,28761.0,28761.5,28757.25,28757.75,192
2026-09-29 03:50:00,28757.75,28758.75,28754.25,28756.75,164
2026-09-29 03:55:00,28756.75,28764.5,28754.75,28763.0,202
2026-09-29 04:00:00,28763.0,28769.5,28762.0,28765.0,145
2026-09-29 04:05:00,28765.0,28766.25,28762.5,28764.5,267
2026-09-29 04:10:00,28764.5,28766.0,28762.75,28764.75,415
2026-09-29 04:15:00,28764.75,28771.75,28762.5,28768.5,317
2026-09-29 04:20:00,28768.5,28768.5,28765.5,28766.0,209
2026-09-29 04:25:00,28766.0,28767.5,28755.25,28757.25,203
2026-09-29 04:30:00,28757.25,28759.75,28753.5,28755.25,141
2026-09-29 04:35:00,28755.25,28755.75,28750.25,28752.75,215
2026-09-29 04:40:00,28752.75,28765.25,28752.25,28762.75,322
2026-09-29 04:45:00,28762.75,28765.75,28761.25,28764.5,242
2026-09-29 04:50:00,28764.5,28764.75,28753.5,28758.5,210
2026-09-29 04:55:00,28758.5,28764.25,28758.0,28762.75,209
2026-09-29 05:00:00,28762.75,28766.5,28754.25,28757.5,351
2026-09-29 05:05:00,28757.5,28763.25,28757.25,28762.25,236
2026-09-29 05:10:00,28762.25,28768.0,28760.75,28766.25,185
2026-09-29 05:15:00,28766.25,28768.5,28764.0,28765.5,341
2026-09-29 05:20:00,28765.5,28767.5,28756.5,28761.0,186
2026-09-29 05:25:00,28761.0,28762.25,28749.5,28752.75,354
2026-09-29 05:30:00,28752.75,28755.25,28748.25,28748.75,283
2026-09-29 05:35:00,28748.75,28752.25,28742.25,28747.5,217
2026-09-29 05:40:00,28747.5,28749.75,28735.5,28738.5,252
2026-09-29 05:45:00,28738.5,28742.5,28734.25,28736.5,429
2026-09-29 05:50:00,28736.5,28739.25,28728.5,28729.75,168
2026-09-29 05:55:00,28729.75,28738.5,28728.75,28735.25,240
2026-09-29 06:00:00,28735.25,28740.75,28734.25,28735.25,234
2026-09-29 06:05:00,28735.25,28745.25,28732.5,28744.0,228
2026-09-29 06:10:00,28744.0,28744.0,28728.0,28732.75,181
2026-09-29 06:15:00,28732.75,28737.75,28728.0,28734.5,191
2026-09-29 06:20:00,28734.5,28741.0,28732.75,28740.5,183
2026-09-29 06:25:00,28740.5,28741.25,28731.25,28737.5,222
2026-09-29 06:30:00,28737.5,28749.0,28737.0,28746.75,123
2026-09-29 06:35:00,28746.75,28749.25,28735.25,28735.75,204
2026-09-29 06:40:00,28735.75,28739.25,28732.5,28734.0,171
2026-09-29 06:45:00,28734.0,28735.5,28723.25,28725.75,165
2026-09-29 06:50:00,28725.75,28726.75,28720.75,28725.75,226
2026-09-29 06:55:00,28725.75,28731.0,28724.25,28727.0,282
2026-09-29 07:00:00,28727.0,28729.0,28721.5,28724.0,155
2026-09-29 07:05:00,28724.0,28727.25,28718.0,28722.0,314
2026-09-29 07:10:00,28722.0,28723.75,28708.5,28710.0,285
2026-09-29 07:15:00,28710.0,28714.25,28708.75,28711.25,149
2026-09-29 07:20:00,28711.25,28713.75,28700.5,28702.25,183
2026-09-29 07:25:00,28702.25,28703.5,28701.75,28702.5,391
2026-09-29 07:30:00,28702.5,28708.75,28702.0,28706.5,267
2026-09-29 07:35:00,28706.5,28706.5,28702.75,28704.25,208
2026-09-29 07:40:00,28704.25,28720.5,28704.0,28714.5,273
2026-09-29 07:45:00,28714.5,28729.75,28711.5,28722.0,386
2026-09-29 07:50:00,28722.0,28739.0,28718.5,28734.25,323
2026-09-29 07:55:00,28734.25,28735.25,28733.0,28735.25,188
2026-09-29 08:00:00,28735.25,28735.75,28730.75,28732.0,186
2026-09-29 08:05:00,28732.0,28742.75,28730.25,28738.0,140
2026-09-29 08:10:00,28738.0,28756.0,28734.75,28752.75,369
2026-09-29 08:15:00,28752.75,28752.75,28742.5,28745.25,248
2026-09-29 08:20:00,28745.25,28749.5,28743.75,28749.0,254
2026-09-29 08:25:00,28749.0,28750.25,28745.25,28745.5,251
2026-09-29 08:30:00,28745.5,28749.5,28726.75,28732.0,225
2026-09-29 08:35:00,28732.0,28732.5,28729.5,28731.0,174
2026-09-29 08:40:00,28731.0,28733.75,28730.25,28731.75,165
2026-09-29 08:45:00,28731.75,28733.0,28729.25,28730.25,257
2026-09-29 08:50:00,28730.25,28733.75,28723.75,28727.25,281
2026-09-29 08:55:00,28727.25,28740.0,28725.0,28738.5,323
2026-09-29 09:00:00,28738.5,28745.25,28737.5,28738.5,215
2026-09-29 09:05:00,28738.5,28742.0,28733.75,28734.0,204
2026-09-29 09:10:00,28734.0,28737.0,28728.75,28732.5,242
2026-09-29 09:15:00,28732.5,28736.5,28730.75,28731.0,221
2026-09-29 09:20:00,28731.0,28735.0,28730.0,28732.75,194
2026-09-29 09:25:00,28732.75,28733.75,28731.75,28732.0,222
2026-09-29 09:30:00,28732.0,28741.75,28705.75,28710.5,1111
2026-09-29 09:35:00,28710.5,28720.0,28694.5,28699.25,1375
2026-09-29 09:40:00,28699.25,28713.75,28688.5,28708.0,943
2026-09-29 09:45:00,28708.0,28717.25,28677.75,28682.75,2230
2026-09-29 09:50:00,28682.75,28690.0,28670.75,28672.25,1426
2026-09-29 09:55:00,28672.25,28686.25,28664.25,28677.5,2468
2026-09-29 10:00:00,28677.5,28692.0,28672.0,28690.25,1700
2026-09-29 10:05:00,28690.25,28708.75,28687.5,28708.5,1001
2026-09-29 10:10:00,28708.5,28731.25,28705.25,28730.0,2258
2026-09-29 10:15:00,28730.0,28735.0,28713.0,28730.5,1092
2026-09-29 10:20:00,28730.5,28741.75,28722.0,28740.5,1062
2026-09-29 10:25:00,28740.5,28762.0,28739.25,28748.75,1333
2026-09-29 10:30:00,28748.75,28770.0,28746.75,28763.25,2276
2026-09-29 10:35:00,28763.25,28765.0,28748.5,28753.5,952
2026-09-29 10:40:00,28753.5,28754.25,28733.0,28738.25,1821
2026-09-29 10:45:00,28738.25,28747.0,28733.25,28734.5,1323
2026-09-29 10:50:00,28734.5,28742.5,28725.5,28738.0,1624
2026-09-29 10:55:00,28738.0,28742.0,28720.5,28726.5,1285
2026-09-29 11:00:00,28726.5,28727.5,28710.75,28712.0,1180
2026-09-29 11:05:00,28712.0,28712.75,28708.5,28709.0,2116
2026-09-29 11:10:00,28709.0,28718.5,28703.5,28716.25,1203
2026-09-29 11:15:00,28716.25,28729.0,28712.5,28720.75,1101
2026-09-29 11:20:00,28720.75,28736.25,28716.5,28725.75,1600
2026-09-29 11:25:00,28725.75,28735.75,28725.25,28734.0,2589
2026-09-29 11:30:00,28734.0,28744.0,28725.75,28742.5,1601
2026-09-29 11:35:00,28742.5,28757.25,28738.5,28752.25,625
2026-09-29 11:40:00,28752.25,28764.25,28749.75,28760.5,1210
2026-09-29 11:45:00,28760.5,28776.25,28759.75,28769.75,1092
2026-09-29 11:50:00,28769.75,28772.5,28743.75,28751.0,1641
2026-09-29 11:55:00,28751.0,28752.25,28734.25,28740.5,843
2026-09-29 12:00:00,28740.5,28746.0,28720.0,28731.5,1187
2026-09-29 12:05:00,28731.5,28740.75,28729.0,28739.0,597
2026-09-29 12:10:00,28739.0,28749.5,28716.25,28721.25,1008
2026-09-29 12:15:00,28721.25,28737.5,28719.0,28737.0,835
2026-09-29 12:20:00,28737.0,28738.5,28726.5,28730.25,751
2026-09-29 12:25:00,28730.25,28731.0,28719.75,28725.5,1976
2026-09-29 12:30:00,28725.5,28730.0,28717.5,28723.0,1305
2026-09-29 12:35:00,28723.0,28725.25,28719.5,28722.75,1047
2026-09-29 12:40:00,28722.75,28733.5,28709.0,28711.25,797
2026-09-29 12:45:00,28711.25,28712.0,28699.5,28701.75,1449
2026-09-29 12:50:00,28701.75,28718.5,28692.25,28709.0,752
2026-09-29 12:55:00,28709.0,28712.75,28701.5,28707.25,766
2026-09-29 13:00:00,28707.25,28715.5,28701.25,28711.25,622
2026-09-29 13:05:00,28711.25,28725.25,28709.0,28721.25,1054
2026-09-29 13:10:00,28721.25,28728.25,28718.5,28719.0,1478
2026-09-29 13:15:00,28719.0,28744.5,28714.5,28732.25,736
2026-09-29 13:20:00,28732.25,28738.75,28721.25,28727.25,798
2026-09-29 13:25:00,28727.25,28731.0,28712.25,28720.0,1236
2026-09-29 13:30:00,28720.0,28736.0,28711.0,28729.5,2013
2026-09-29 13:35:00,28729.5,28743.0,28726.25,28742.0,1450
2026-09-29 13:40:00,28742.0,28745.75,28732.25,28734.0,1962
2026-09-29 13:45:00,28734.0,28736.75,28720.25,28720.5,1158
2026-09-29 13:50:00,28720.5,28743.0,28717.75,28740.0,1036
2026-09-29 13:55:00,28740.0,28748.0,28732.5,28742.0,1447
2026-09-29 14:00:00,28742.0,28766.75,28737.0,28759.75,822
2026-09-29 14:05:00,28759.75,28761.75,28732.75,28739.75,1754
2026-09-29 14:10:00,28739.75,28753.0,28739.0,28749.5,1646
2026-09-29 14:15:00,28749.5,28752.75,28719.25,28721.5,897
2026-09-29 14:20:00,28721.5,28727.5,28720.25,28727.0,1392
2026-09-29 14:25:00,28727.0,28732.5,28710.25,28712.0,1761
2026-09-29 14:30:00,28712.0,28718.5,28686.0,28694.5,1315
2026-09-29 14:35:00,28694.5,28697.5,28694.0,28696.0,907
2026-09-29 14:40:00,28696.0,28698.75,28692.75,28693.75,2260
2026-09-29 14:45:00,28693.75,28693.75,28676.25,28678.5,1287
2026-09-29 14:50:00,28678.5,28686.0,28661.25,28671.25,1321
2026-09-29 14:55:00,28671.25,28683.75,28665.75,28666.0,2360
2026-09-29 15:00:00,28666.0,28679.25,28659.5,28674.0,2565
2026-09-29 15:05:00,28674.0,28704.5,28674.0,28686.75,1617
2026-09-29 15:10:00,28686.75,28715.5,28680.0,28708.25,1233
2026-09-29 15:15:00,28708.25,28719.0,28704.0,28715.5,1550
2026-09-29 15:20:00,28715.5,28731.75,28705.75,28724.75,1812
2026-09-29 15:25:00,28724.75,28730.75,28698.75,28702.0,2733
2026-09-29 15:30:00,28702.0,28713.75,28691.25,28702.5,2092
2026-09-29 15:35:00,28702.5,28703.0,28695.5,28698.0,1297
2026-09-29 15:40:00,28698.0,28730.75,28692.75,28728.0,1029
2026-09-29 15:45:00,28728.0,28739.75,28719.5,28732.25,1576
2026-09-29 15:50:00,28732.25,28757.75,28726.75,28751.25,1932
2026-09-29 15:55:00,28751.25,28767.0,28741.0,28763.25,1324
2026-09-29 16:00:00,28763.25,28764.5,28760.0,28760.0,214
2026-09-29 16:05:00,28760.0,28761.0,28754.75,28755.5,541
2026-09-29 16:10:00,28755.5,28763.5,28752.5,28760.25,111
2026-09-29 16:15:00,28760.25,28765.75,28757.0,28765.75,186
2026-09-29 16:20:00,28765.75,28768.0,28758.0,28762.25,205
2026-09-29 16:25:00,28762.25,28774.5,28760.5,28772.0,199
2026-09-29 16:30:00,28772.0,28777.0,28771.25,28775.5,208
2026-09-29 16:35:00,28775.5,28787.75,28772.25,28784.25,312
2026-09-29 16:40:00,28784.25,28784.5,28779.0,28780.0,179
2026-09-29 16:45:00,28780.0,28784.25,28773.0,28777.25,138
2026-09-29 16:50:00,28777.25,28783.5,28775.0,28781.0,309
2026-09-29 16:55:00,28781.0,28784.75,28775.25,28776.5,223
2026-09-29 18:00:00,28776.5,28776.75,28768.25,28768.5,175
2026-09-29 18:05:00,28768.5,28769.5,28759.25,28761.0,288
2026-09-29 18:10:00,28761.0,28765.5,28755.0,28757.75,273
2026-09-29 18:15:00,28757.75,28759.5,28749.75,28751.25,328
2026-09-29 18:20:00,28751.25,28753.25,28729.0,28734.75,440
2026-09-29 18:25:00,28734.75,28738.0,28734.0,28735.25,205
2026-09-29 18:30:00,28735.25,28736.0,28734.75,28735.75,69
2026-09-29 18:35:00,28735.75,28743.25,28724.5,28726.75,311
2026-09-29 18:40:00,28726.75,28732.75,28724.5,28730.25,303
2026-09-29 18:45:00,28730.25,28737.25,28730.25,28734.25,151
2026-09-29 18:50:00,28734.25,28745.75,28731.0,28742.5,246
2026-09-29 18:55:00,28742.5,28749.75,28741.75,28747.0,322
2026-09-29 19:00:00,28747.0,28754.25,28746.5,28751.5,206
2026-09-29 19:05:00,28751.5,28761.25,28750.0,28757.5,263
2026-09-29 19:10:00,28757.5,28765.0,28757.25,28763.5,90
2026-09-29 19:15:00,28763.5,28764.25,28757.75,28761.75,114
2026-09-29 19:20:00,28761.75,28773.0,28761.0,28767.5,196
2026-09-29 19:25:00,28767.5,28769.5,28757.0,28760.25,151
2026-09-29 19:30:00,28760.25,28771.25,28756.0,28764.5,134
2026-09-29 19:35:00,28764.5,28767.75,28755.5,28758.25,499
2026-09-29 19:40:00,28758.25,28765.5,28755.25,28763.75,136
2026-09-29 19:45:00,28763.75,28771.75,28763.75,28770.5,234
2026-09-29 19:50:00,28770.5,28770.75,28762.75,28762.75,119
2026-09-29 19:55:00,28762.75,28768.5,28754.5,28761.25,120
2026-09-29 20:00:00,28761.25,28761.5,28756.0,28760.75,272
2026-09-29 20:05:00,28760.75,28764.75,28756.25,28761.75,462
2026-09-29 20:10:00,28761.75,28762.0,28750.75,28754.75,398
2026-09-29 20:15:00,28754.75,28761.25,28754.25,28756.75,287
2026-09-29 20:20:00,28756.75,28759.25,28748.25,28755.25,182
2026-09-29 20:25:00,28755.25,28755.75,28752.75,28753.5,199
2026-09-29 20:30:00,28753.5,28764.0,28753.5,28763.0,373
2026-09-29 20:35:00,28763.0,28765.0,28755.75,28756.0,311
2026-09-29 20:40:00,28756.0,28759.25,28747.5,28752.0,140
2026-09-29 20:45:00,28752.0,28752.75,28750.25,28752.25,263
2026-09-29 20:50:00,28752.25,28765.0,28744.5,28763.0,276
2026-09-29 20:55:00,28763.0,28767.25,28760.0,28765.75,228
2026-09-29 21:00:00,28765.75,28775.75,28764.75,28770.5,359
2026-09-29 21:05:00,28770.5,28787.0,28767.0,28785.0,310
2026-09-29 21:10:00,28785.0,28785.25,28778.25,28779.0,262
2026-09-29 21:15:00,28779.0,28794.0,28778.0,28792.25,130
2026-09-29 21:20:00,28792.25,28792.5,28784.25,28785.5,365
2026-09-29 21:25:00,28785.5,28787.25,28779.75,28782.5,198
2026-09-29 21:30:00,28782.5,28790.25,28779.25,28786.75,134
2026-09-29 21:35:00,28786.75,28790.25,28786.0,28788.5,361
2026-09-29 21:40:00,28788.5,28789.0,28784.75,28787.75,308
2026-09-29 21:45:00,28787.75,28792.75,28780.0,28780.25,181
2026-09-29 21:50:00,28780.25,28780.5,28767.0,28771.25,146
2026-09-29 21:55:00,28771.25,28773.75,28769.25,28773.5,218
2026-09-29 22:00:00,28773.5,28776.0,28771.25,28771.25,341
2026-09-29 22:05:00,28771.25,28776.0,28770.75,28775.0,231
2026-09-29 22:10:00,28775.0,28777.75,28765.75,28768.5,178
2026-09-29 22:15:00,28768.5,28769.25,28759.0,28761.75,285
2026-09-29 22:20:00,28761.75,28762.5,28752.25,28754.5,287
2026-09-29 22:25:00,28754.5,28757.25,28751.0,28751.25,173
2026-09-29 22:30:00,28751.25,28758.75,28751.0,28757.5,211
2026-09-29 22:35:00,28757.5,28767.0,28757.0,28761.0,155
2026-09-29 22:40:00,28761.0,28766.75,28757.75,28763.75,250
2026-09-29 22:45:00,28763.75,28773.5,28763.25,28771.25,146
2026-09-29 22:50:00,28771.25,28773.75,28765.0,28770.25,236
2026-09-29 22:55:00,28770.25,28771.0,28754.25,28758.0,133
2026-09-29 23:00:00,28758.0,28759.75,28754.0,28755.75,163
2026-09-29 23:05:00,28755.75,28756.0,28751.5,28755.25,181
2026-09-29 23:10:00,28755.25,28765.0,28755.25,28761.75,234
2026-09-29 23:15:00,28761.75,28767.25,28760.75,28762.0,141
2026-09-29 23:20:00,28762.0,28763.0,28758.5,28762.5,242
2026-09-29 23:25:00,28762.5,28770.5,28757.75,28765.75,105
2026-09-29 23:30:00,28765.75,28770.25,28764.5,28768.5,132
2026-09-29 23:35:00,28768.5,28772.75,28767.25,28771.25,284
2026-09-29 23:40:00,28771.25,28777.0,28771.0,28775.75,293
2026-09-29 23:45:00,28775.75,28777.5,28771.0,28771.5,330
2026-09-29 23:50:00,28771.5,28771.5,28765.75,28769.0,334
2026-09-29 23:55:00,28769.0,28780.25,28767.0,28777.75,213
2026-09-30 00:00:00,28777.75,28783.5,28771.0,28780.0,257
2026-09-30 00:05:00,28780.0,28783.0,28777.5,28781.25,309
2026-09-30 00:10:00,28781.25,28781.25,28778.75,28780.0,230
2026-09-30 00:15:00,28780.0,28781.0,28771.5,28772.75,220
2026-09-30 00:20:00,28772.75,28774.0,28759.75,28763.0,174
2026-09-30 00:25:00,28763.0,28763.5,28758.5,28759.0,326
2026-09-30 00:30:00,28759.0,28764.25,28757.5,28762.25,231
2026-09-30 00:35:00,28762.25,28764.5,28755.25,28757.25,139
2026-09-30 00:40:00,28757.25,28759.0,28757.25,28757.5,84
2026-09-30 00:45:00,28757.5,28759.5,28750.75,28753.0,278
2026-09-30 00:50:00,28753.0,28760.5,28750.75,28757.25,243
2026-09-30 00:55:00,28757.25,28757.5,28752.25,28754.75,233
2026-09-30 01:00:00,28754.75,28761.0,28751.75,28756.0,334
2026-09-30 01:05:00,28756.0,28762.0,28753.25,28755.75,147
2026-09-30 01:10:00,28755.75,28756.75,28751.5,28754.0,368
2026-09-30 01:15:00,28754.0,28769.25,28751.75,28767.0,443
2026-09-30 01:20:00,28767.0,28769.25,28766.25,28768.5,136
2026-09-30 01:25:00,28768.5,28779.5,28764.25,28779.25,180
2026-09-30 01:30:00,28779.25,28784.5,28778.75,28782.75,230
2026-09-30 01:35:00,28782.75,28789.25,28781.0,28784.5,153
2026-09-30 01:40:00,28784.5,28792.0,28782.5,28789.0,201
2026-09-30 01:45:00,28789.0,28789.25,28787.25,28788.0,356
2026-09-30 01:50:00,28788.0,28796.5,28785.5,28794.0,219
2026-09-30 01:55:00,28794.0,28804.0,28793.25,28797.0,324
2026-09-30 02:00:00,28797.0,28798.5,28785.75,28788.5,209
2026-09-30 02:05:00,28788.5,28789.5,28777.25,28778.75,253
2026-09-30 02:10:00,28778.75,28782.5,28774.5,28779.75,239
2026-09-30 02:15:00,28779.75,28782.25,28776.25,28778.25,152
2026-09-30 02:20:00,28778.25,28796.25,28774.5,28793.25,169
2026-09-30 02:25:00,28793.25,28798.25,28786.0,28789.0,162
2026-09-30 02:30:00,28789.0,28792.0,28784.0,28785.5,383
2026-09-30 02:35:00,28785.5,28788.25,28785.0,28786.25,203
2026-09-30 02:40:00,28786.25,28790.75,28786.0,28789.5,166
2026-09-30 02:45:00,28789.5,28804.5,28787.25,28799.0,224
2026-09-30 02:50:00,28799.0,28799.0,28790.0,28793.25,297
2026-09-30 02:55:00,28793.25,28793.75,28783.5,28786.0,341
2026-09-30 03:00:00,28786.0,28790.75,28785.0,28789.75,241
2026-09-30 03:05:00,28789.75,28790.5,28786.75,28786.75,262
2026-09-30 03:10:00,28786.75,28791.75,28780.25,28787.0,295
2026-09-30 03:15:00,28787.0,28799.75,28785.5,28797.0,289
2026-09-30 03:20:00,28797.0,28802.25,28793.0,28798.75,372
2026-09-30 03:25:00,28798.75,28802.0,28797.25,28802.0,171
2026-09-30 03:30:00,28802.0,28802.5,28786.25,28789.75,230
2026-09-30 03:35:00,28789.75,28790.25,28784.5,28789.25,157
2026-09-30 03:40:00,28789.25,28792.5,28784.75,28791.5,359
2026-09-30 03:45:00,28791.5,28802.5,28788.25,28800.5,273
2026-09-30 03:50:00,28800.5,28803.0,28798.25,28799.25,117
2026-09-30 03:55:00,28799.25,28802.0,28797.25,28800.75,456
2026-09-30 04:00:00,28800.75,28812.5,28800.75,28810.5,141
2026-09-30 04:05:00,28810.5,28814.0,28809.25,28813.75,183
2026-09-30 04:10:00,28813.75,28819.0,28811.0,28817.25,172
2026-09-30 04:15:00,28817.25,28831.25,28814.0,28831.0,142
2026-09-30 04:20:00,28831.0,28837.75,28830.25,28834.5,129
2026-09-30 04:25:00,28834.5,28837.0,28832.25,28834.5,78
2026-09-30 04:30:00,28834.5,28836.5,28830.25,28832.75,197
2026-09-30 04:35:00,28832.75,28834.25,28828.0,28828.75,189
2026-09-30 04:40:00,28828.75,28833.0,28826.5,28827.0,179
2026-09-30 04:45:00,28827.0,28831.5,28825.75,28831.5,281
2026-09-30 04:50:00,28831.5,28836.5,28831.25,28832.75,179
2026-09-30 04:55:00,28832.75,28840.75,28830.75,28839.75,257
2026-09-30 05:00:00,28839.75,28848.75,28838.0,28847.5,166
2026-09-30 05:05:00,28847.5,28849.5,28840.5,28843.5,254
2026-09-30 05:10:00,28843.5,28844.25,28836.0,28838.75,240
2026-09-30 05:15:00,28838.75,28839.25,28836.75,28838.25,120
2026-09-30 05:20:00,28838.25,28842.5,28836.0,28842.25,406
2026-09-30 05:25:00,28842.25,28848.0,28839.0,28847.5,183
2026-09-30 05:30:00,28847.5,28848.75,28844.0,28846.0,261
2026-09-30 05:35:00,28846.0,28848.75,28834.25,28835.5,300
2026-09-30 05:40:00,28835.5,28839.5,28834.0,28838.0,152
2026-09-30 05:45:00,28838.0,28842.25,28829.5,28832.75,164
2026-09-30 05:50:00,28832.75,28837.0,28830.25,28836.0,315
2026-09-30 05:55:00,28836.0,28839.5,28831.75,28837.75,258
2026-09-30 06:00:00,28837.75,28839.75,28833.25,28837.0,246
2026-09-30 06:05:00,28837.0,28841.75,28835.75,28840.0,192
2026-09-30 06:10:00,28840.0,28844.25,28838.0,28843.75,262
2026-09-30 06:15:00,28843.75,28847.0,28843.5,28844.25,262
2026-09-30 06:20:00,28844.25,28844.75,28836.75,28837.0,337
2026-09-30 06:25:00,28837.0,28847.75,28833.0,28846.0,178
2026-09-30 06:30:00,28846.0,28848.5,28840.5,28845.25,202
2026-09-30 06:35:00,28845.25,28849.0,28842.25,28848.25,295
2026-09-30 06:40:00,28848.25,28854.75,28846.75,28853.5,224
2026-09-30 06:45:00,28853.5,28858.5,28850.75,28855.0,178
2026-09-30 06:50:00,28855.0,28858.5,28841.5,28845.75,186
2026-09-30 06:55:00,28845.75,28849.25,28845.0,28845.5,272
2026-09-30 07:00:00,28845.5,28848.0,28842.75,28846.75,163
2026-09-30 07:05:00,28846.75,28855.0,28840.25,28854.5,291
2026-09-30 07:10:00,28854.5,28860.0,28852.0,28858.0,159
2026-09-30 07:15:00,28858.0,28862.75,28854.5,28860.0,260
2026-09-30 07:20:00,28860.0,28861.5,28856.5,28859.25,227
2026-09-30 07:25:00,28859.25,28868.75,28856.0,28865.5,301
2026-09-30 07:30:00,28865.5,28870.0,28860.5,28860.5,131
2026-09-30 07:35:00,28860.5,28865.75,28860.5,28862.25,104
2026-09-30 07:40:00,28862.25,28862.25,28858.25,28860.75,225
2026-09-30 07:45:00,28860.75,28862.5,28848.0,28850.0,193
2026-09-30 07:50:00,28850.0,28851.75,28848.25,28851.75,170
2026-09-30 07:55:00,28851.75,28853.75,28845.75,28848.75,199
2026-09-30 08:00:00,28848.75,28852.0,28837.5,28838.75,175
2026-09-30 08:05:00,28838.75,28840.0,28835.5,28836.5,360
2026-09-30 08:10:00,28836.5,28842.0,28833.25,28838.5,236
2026-09-30 08:15:00,28838.5,28844.0,28835.25,28843.0,117
2026-09-30 08:20:00,28843.0,28843.5,28842.0,28842.5,221
2026-09-30 08:25:00,28842.5,28850.25,28839.5,28846.5,142
2026-09-30 08:30:00,28846.5,28852.0,28846.0,28850.0,312
2026-09-30 08:35:00,28850.0,28856.0,28846.0,28854.75,94
2026-09-30 08:40:00,28854.75,28856.5,28849.5,28855.25,144
2026-09-30 08:45:00,28855.25,28858.5,28841.0,28842.75,119
2026-09-30 08:50:00,28842.75,28856.0,28842.0,28850.75,279
2026-09-30 08:55:00,28850.75,28852.25,28845.25,28849.5,175
2026-09-30 09:00:00,28849.5,28851.25,28842.75,28843.25,184
2026-09-30 09:05:00,28843.25,28845.25,28841.5,28844.25,162
2026-09-30 09:10:00,28844.25,28849.5,28836.25,28849.25,192
2026-09-30 09:15:00,28849.25,28859.0,28848.5,28857.25,321
2026-09-30 09:20:00,28857.25,28866.5,28857.0,28863.5,132
2026-09-30 09:25:00,28863.5,28866.25,28854.75,28859.75,153
2026-09-30 09:30:00,28859.75,28861.25,28850.75,28859.25,2095
2026-09-30 09:35:00,28859.25,28873.25,28854.75,28871.0,2077
2026-09-30 09:40:00,28871.0,28879.25,28870.5,28872.5,1108
2026-09-30 09:45:00,28872.5,28873.5,28862.5,28867.5,1568
2026-09-30 09:50:00,28867.5,28869.25,28849.0,28855.75,883
2026-09-30 09:55:00,28855.75,28858.0,28852.5,28856.5,2480
2026-09-30 10:00:00,28856.5,28865.5,28849.25,28862.75,2157
2026-09-30 10:05:00,28862.75,28883.75,28861.0,28878.75,2321
2026-09-30 10:10:00,28878.75,28892.25,28832.75,28835.75,1827
2026-09-30 10:15:00,28835.75,28835.75,28819.75,28822.75,1233
2026-09-30 10:20:00,28822.75,28836.75,28820.75,28828.5,1559
2026-09-30 10:25:00,28828.5,28852.0,28826.75,28844.5,1683
2026-09-30 10:30:00,28844.5,28873.25,28837.75,28867.75,1150
2026-09-30 10:35:00,28867.75,28890.0,28867.25,28883.0,823
2026-09-30 10:40:00,28883.0,28888.25,28878.0,28885.5,1389
2026-09-30 10:45:00,28885.5,28892.0,28877.0,28880.5,1664
2026-09-30 10:50:00,28880.5,28883.0,28873.75,28882.5,2931
2026-09-30 10:55:00,28882.5,28887.75,28877.5,28882.5,1055
2026-09-30 11:00:00,28882.5,28899.5,28868.0,28894.25,1655
2026-09-30 11:05:00,28894.25,28903.0,28894.25,28899.75,1218
2026-09-30 11:10:00,28899.75,28907.75,28896.25,28897.5,1495
2026-09-30 11:15:00,28897.5,28902.25,28888.75,28889.75,2245
2026-09-30 11:20:00,28889.75,28893.75,28881.75,28883.25,2044
2026-09-30 11:25:00,28883.25,28886.5,28876.25,28879.25,1074
2026-09-30 11:30:00,28879.25,28900.25,28878.5,28897.0,1364
2026-09-30 11:35:00,28897.0,28907.5,28891.5,28899.75,1630
2026-09-30 11:40:00,28899.75,28907.0,28893.0,28894.5,1120
2026-09-30 11:45:00,28894.5,28902.75,28887.75,28898.0,1056
2026-09-30 11:50:00,28898.0,28916.0,28890.5,28905.5,1369
2026-09-30 11:55:00,28905.5,28911.0,28877.75,28884.0,1246
2026-09-30 12:00:00,28884.0,28886.75,28878.25,28880.25,1616
2026-09-30 12:05:00,28880.25,28888.25,28878.0,28887.0,1990
2026-09-30 12:10:00,28887.0,28909.25,28876.5,28901.75,1499
2026-09-30 12:15:00,28901.75,28906.0,28856.25,28862.5,1238
2026-09-30 12:20:00,28862.5,28868.5,28832.0,28846.0,2657
2026-09-30 12:25:00,28846.0,28852.5,28839.75,28848.0,862
2026-09-30 12:30:00,28848.0,28854.0,28847.75,28851.25,660
2026-09-30 12:35:00,28851.25,28867.25,28847.5,28864.0,841
2026-09-30 12:40:00,28864.0,28880.0,28859.0,28871.75,1030
2026-09-30 12:45:00,28871.75,28896.25,28871.25,28888.75,1412
2026-09-30 12:50:00,28888.75,28902.75,28876.25,28896.0,1038
2026-09-30 12:55:00,28896.0,28918.5,28895.25,28909.0,1143
2026-09-30 13:00:00,28909.0,28915.25,28889.75,28903.0,501
2026-09-30 13:05:00,28903.0,28903.75,28886.5,28896.0,977
2026-09-30 13:10:00,28896.0,28898.75,28887.75,28895.5,1515
2026-09-30 13:15:00,28895.5,28898.25,28867.75,28872.0,3884
2026-09-30 13:20:00,28872.0,28873.0,28849.25,28856.5,865
2026-09-30 13:25:00,28856.5,28857.25,28850.25,28856.5,2370
2026-09-30 13:30:00,28856.5,28856.75,28842.5,28844.25,1138
2026-09-30 13:35:00,28844.25,28854.75,28833.25,28836.25,689
2026-09-30 13:40:00,28836.25,28847.25,28827.25,28844.75,872
2026-09-30 13:45:00,28844.75,28857.0,28842.75,28854.75,1750
2026-09-30 13:50:00,28854.75,28861.0,28835.5,28839.75,1243
2026-09-30 13:55:00,28839.75,28843.75,28810.25,28816.25,1691
2026-09-30 14:00:00,28816.25,28823.5,28814.25,28819.5,643
2026-09-30 14:05:00,28819.5,28833.75,28816.75,28825.5,1083
2026-09-30 14:10:00,28825.5,28833.25,28819.5,28826.5,2916
2026-09-30 14:15:00,28826.5,28831.0,28800.25,28801.25,1175
2026-09-30 14:20:00,28801.25,28817.25,28794.5,28812.5,2675
2026-09-30 14:25:00,28812.5,28813.25,28801.75,28809.75,851
2026-09-30 14:30:00,28809.75,28814.75,28800.75,28801.75,1974
2026-09-30 14:35:00,28801.75,28819.5,28801.0,28816.75,1848
2026-09-30 14:40:00,28816.75,28817.0,28801.0,28806.5,1782
2026-09-30 14:45:00,28806.5,28806.75,28786.75,28793.0,1754
2026-09-30 14:50:00,28793.0,28797.0,28761.0,28767.0,1822
2026-09-30 14:55:00,28767.0,28770.0,28732.5,28736.0,1457
2026-09-30 15:00:00,28736.0,28748.0,28728.5,28743.5,2758
2026-09-30 15:05:00,28743.5,28763.0,28742.25,28753.5,1799
2026-09-30 15:10:00,28753.5,28758.5,28738.75,28748.25,1148
2026-09-30 15:15:00,28748.25,28752.5,28747.0,28747.5,1208
2026-09-30 15:20:00,28747.5,28781.25,28739.5,28777.5,947
2026-09-30 15:25:00,28777.5,28797.0,28772.0,28796.0,3090
2026-09-30 15:30:00,28796.0,28802.5,28777.0,28778.75,2021
2026-09-30 15:35:00,28778.75,28782.5,28750.75,28754.75,1142
2026-09-30 15:40:00,28754.75,28761.75,28721.0,28723.0,1814
2026-09-30 15:45:00,28723.0,28738.0,28719.25,28725.25,2104
2026-09-30 15:50:00,28725.25,28744.75,28723.0,28743.0,1703
2026-09-30 15:55:00,28743.0,28755.25,28734.75,28737.0,1667
2026-09-30 16:00:00,28737.0,28740.5,28734.5,28734.5,182
2026-09-30 16:05:00,28734.5,28744.75,28726.5,28744.0,198
2026-09-30 16:10:00,28744.0,28746.25,28740.5,28742.5,188
2026-09-30 16:15:00,28742.5,28747.25,28742.0,28747.0,183
2026-09-30 16:20:00,28747.0,28756.75,28744.25,28756.25,237
2026-09-30 16:25:00,28756.25,28760.5,28753.0,28755.25,214
2026-09-30 16:30:00,28755.25,28758.0,28750.25,28757.0,225
2026-09-30 16:35:00,28757.0,28759.25,28755.25,28755.75,357
2026-09-30 16:40:00,28755.75,28765.0,28755.0,28762.75,286
2026-09-30 16:45:00,28762.75,28768.0,28761.5,28762.0,311
2026-09-30 16:50:00,28762.0,28765.75,28758.75,28761.5,263
2026-09-30 16:55:00,28761.5,28775.75,28758.25,28770.25,197
2026-09-30 18:00:00,28770.25,28778.0,28769.25,28774.75,169
2026-09-30 18:05:00,28774.75,28776.5,28760.75,28766.0,260
2026-09-30 18:10:00,28766.0,28767.75,28760.75,28761.75,146
2026-09-30 18:15:00,28761.75,28763.5,28757.5,28762.75,423
2026-09-30 18:20:00,28762.75,28765.25,28750.75,28754.5,391
2026-09-30 18:25:00,28754.5,28767.75,28753.5,28764.25,143
2026-09-30 18:30:00,28764.25,28776.0,28763.5,28775.75,211
2026-09-30 18:35:00,28775.75,28777.25,28772.0,28772.75,197
2026-09-30 18:40:00,28772.75,28773.75,28771.5,28773.25,193
2026-09-30 18:45:00,28773.25,28773.75,28769.5,28771.25,218
2026-09-30 18:50:00,28771.25,28771.75,28759.5,28761.25,227
2026-09-30 18:55:00,28761.25,28769.25,28758.75,28766.5,264
2026-09-30 19:00:00,28766.5,28767.5,28751.25,28755.25,227
2026-09-30 19:05:00,28755.25,28764.5,28753.5,28758.0,161
2026-09-30 19:10:00,28758.0,28760.75,28752.0,28752.25,122
2026-09-30 19:15:00,28752.25,28754.0,28748.75,28750.0,258
2026-09-30 19:20:00,28750.0,28753.0,28737.0,28740.5,254
2026-09-30 19:25:00,28740.5,28745.0,28739.5,28740.25,261
2026-09-30 19:30:00,28740.25,28747.0,28738.5,28746.0,185
2026-09-30 19:35:00,28746.0,28747.0,28740.0,28740.75,353
2026-09-30 19:40:00,28740.75,28746.75,28737.25,28745.0,319
2026-09-30 19:45:00,28745.0,28747.75,28741.5,28743.5,343
2026-09-30 19:50:00,28743.5,28748.25,28736.25,28744.75,205
2026-09-30 19:55:00,28744.75,28751.75,28742.5,28751.5,243
2026-09-30 20:00:00,28751.5,28756.75,28749.75,28756.5,232
2026-09-30 20:05:00,28756.5,28764.25,28754.0,28759.75,175
2026-09-30 20:10:00,28759.75,28767.75,28753.25,28755.75,244
2026-09-30 20:15:00,28755.75,28760.5,28755.75,28757.0,268
2026-09-30 20:20:00,28757.0,28757.75,28742.25,28744.25,254
2026-09-30 20:25:00,28744.25,28747.25,28740.25,28745.5,248
2026-09-30 20:30:00,28745.5,28751.25,28740.5,28746.0,251
2026-09-30 20:35:00,28746.0,28751.0,28743.5,28747.5,282
2026-09-30 20:40:00,28747.5,28748.25,28740.25,28744.0,149
2026-09-30 20:45:00,28744.0,28744.75,28737.0,28740.5,233
2026-09-30 20:50:00,28740.5,28744.25,28734.25,28735.0,296
2026-09-30 20:55:00,28735.0,28735.75,28728.0,28728.5,352
2026-09-30 21:00:00,28728.5,28729.75,28724.5,28727.5,172
2026-09-30 21:05:00,28727.5,28729.25,28723.5,28727.5,274
2026-09-30 21:10:00,28727.5,28734.5,28726.25,28729.75,212
2026-09-30 21:15:00,28729.75,28732.0,28727.5,28728.75,252
2026-09-30 21:20:00,28728.75,28734.25,28725.0,28732.5,206
2026-09-30 21:25:00,28732.5,28736.0,28731.75,28736.0,219
2026-09-30 21:30:00,28736.0,28737.0,28720.0,28724.75,258
2026-09-30 21:35:00,28724.75,28733.0,28723.75,28732.0,453
2026-09-30 21:40:00,28732.0,28734.25,28725.25,28728.5,127
2026-09-30 21:45:00,28728.5,28731.25,28724.25,28724.75,240
2026-09-30 21:50:00,28724.75,28724.75,28721.75,28722.0,225
2026-09-30 21:55:00,28722.0,28727.0,28720.5,28723.25,215
2026-09-30 22:00:00,28723.25,28735.25,28719.5,28731.75,143
2026-09-30 22:05:00,28731.75,28738.75,28727.75,28737.25,184
2026-09-30 22:10:00,28737.25,28737.75,28731.25,28735.75,177
2026-09-30 22:15:00,28735.75,28740.5,28719.5,28724.25,167
2026-09-30 22:20:00,28724.25,28726.25,28720.0,28721.5,153
2026-09-30 22:25:00,28721.5,28725.0,28716.0,28725.0,302
2026-09-30 22:30:00,28725.0,28728.25,28721.75,28723.75,155
2026-09-30 22:35:00,28723.75,28729.75,28718.5,28727.75,196
2026-09-30 22:40:00,28727.75,28732.5,28727.5,28730.5,95
2026-09-30 22:45:00,28730.5,28733.75,28728.25,28731.0,212
2026-09-30 22:50:00,28731.0,28733.25,28725.5,28727.0,363
2026-09-30 22:55:00,28727.0,28735.0,28723.0,28728.0,245
2026-09-30 23:00:00,28728.0,28740.25,28727.25,28738.5,205
2026-09-30 23:05:00,28738.5,28738.5,28732.5,28735.25,205
2026-09-30 23:10:00,28735.25,28735.75,28729.25,28729.75,238
2026-09-30 23:15:00,28729.75,28736.0,28727.0,28727.5,287
2026-09-30 23:20:00,28727.5,28736.5,28726.75,28733.75,235
2026-09-30 23:25:00,28733.75,28736.0,28731.25,28735.5,403
2026-09-30 23:30:00,28735.5,28737.25,28727.25,28729.0,302
2026-09-30 23:35:00,28729.0,28730.5,28721.5,28722.75,248
2026-09-30 23:40:00,28722.75,28729.75,28714.0,28717.0,255
2026-09-30 23:45:00,28717.0,28717.75,28707.5,28711.0,289
2026-09-30 23:50:00,28711.0,28713.25,28710.5,28713.25,262
2026-09-30 23:55:00,28713.25,28714.25,28701.5,28702.0,133
2026-10-01 00:00:00,28702.0,28710.75,28701.0,28708.25,191
2026-10-01 00:05:00,28708.25,28708.75,28702.0,28704.5,234
2026-10-01 00:10:00,28704.5,28704.75,28699.0,28703.25,261
2026-10-01 00:15:00,28703.25,28706.5,28700.0,28703.75,237
2026-10-01 00:20:00,28703.75,28716.5,28702.75,28714.5,427
2026-10-01 00:25:00,28714.5,28725.25,28712.75,28725.0,280
2026-10-01 00:30:00,28725.0,28725.75,28722.0,28722.75,189
2026-10-01 00:35:00,28722.75,28730.5,28722.5,28728.5,464
2026-10-01 00:40:00,28728.5,28730.75,28717.75,28720.75,135
2026-10-01 00:45:00,28720.75,28731.25,28716.75,28728.5,305
2026-10-01 00:50:00,28728.5,28736.5,28722.75,28731.75,133
2026-10-01 00:55:00,28731.75,28734.5,28726.5,28728.5,231
2026-10-01 01:00:00,28728.5,28731.25,28728.0,28731.25,218
2026-10-01 01:05:00,28731.25,28734.0,28723.75,28731.75,211
2026-10-01 01:10:00,28731.75,28736.25,28731.0,28733.75,235
2026-10-01 01:15:00,28733.75,28743.25,28732.5,28738.0,249
2026-10-01 01:20:00,28738.0,28740.0,28733.25,28735.25,244
2026-10-01 01:25:00,28735.25,28737.75,28733.5,28737.0,204
2026-10-01 01:30:00,28737.0,28738.0,28731.75,28734.25,131
2026-10-01 01:35:00,28734.25,28743.25,28727.5,28742.25,337
2026-10-01 01:40:00,28742.25,28759.25,28741.0,28755.25,225
2026-10-01 01:45:00,28755.25,28759.75,28750.25,28752.25,174
2026-10-01 01:50:00,28752.25,28754.0,28742.25,28745.5,325
2026-10-01 01:55:00,28745.5,28746.5,28741.75,28742.75,260
2026-10-01 02:00:00,28742.75,28743.25,28737.5,28737.5,254
2026-10-01 02:05:00,28737.5,28743.0,28735.75,28741.75,162
2026-10-01 02:10:00,28741.75,28743.5,28732.25,28736.25,227
2026-10-01 02:15:00,28736.25,28738.5,28724.75,28726.5,125
2026-10-01 02:20:00,28726.5,28728.75,28724.75,28727.5,264
2026-10-01 02:25:00,28727.5,28728.5,28720.25,28722.0,164
2026-10-01 02:30:00,28722.0,28724.5,28713.75,28722.0,315
2026-10-01 02:35:00,28722.0,28727.5,28717.25,28725.75,173
2026-10-01 02:40:00,28725.75,28731.0,28723.5,28725.25,230
2026-10-01 02:45:00,28725.25,28732.75,28722.5,28724.5,320
2026-10-01 02:50:00,28724.5,28728.25,28722.0,28725.5,261
2026-10-01 02:55:00,28725.5,28727.75,28723.75,28727.0,155
2026-10-01 03:00:00,28727.0,28729.0,28718.5,28720.75,284
2026-10-01 03:05:00,28720.75,28726.5,28718.25,28725.5,451
2026-10-01 03:10:00,28725.5,28727.25,28723.5,28726.75,187
2026-10-01 03:15:00,28726.75,28728.25,28721.75,28722.25,475
2026-10-01 03:20:00,28722.25,28725.75,28720.25,28724.5,249
2026-10-01 03:25:00,28724.5,28725.25,28715.75,28717.25,209
2026-10-01 03:30:00,28717.25,28718.25,28711.5,28713.0,314
2026-10-01 03:35:00,28713.0,28718.25,28710.25,28714.75,164
2026-10-01 03:40:00,28714.75,28717.5,28709.5,28711.75,252
2026-10-01 03:45:00,28711.75,28712.0,28707.0,28710.25,528
2026-10-01 03:50:00,28710.25,28714.75,28708.25,28708.75,137
2026-10-01 03:55:00,28708.75,28709.5,28706.0,28709.0,192
2026-10-01 04:00:00,28709.0,28712.5,28704.25,28705.25,91
2026-10-01 04:05:00,28705.25,28715.5,28700.5,28707.75,438
2026-10-01 04:10:00,28707.75,28712.5,28706.5,28711.5,343
2026-10-01 04:15:00,28711.5,28713.0,28705.25,28709.25,194
2026-10-01 04:20:00,28709.25,28709.5,28698.25,28699.5,171
2026-10-01 04:25:00,28699.5,28701.5,28692.0,28694.25,203
2026-10-01 04:30:00,28694.25,28695.0,28687.75,28688.5,136
2026-10-01 04:35:00,28688.5,28690.0,28685.25,28687.25,154
2026-10-01 04:40:00,28687.25,28690.0,28676.0,28681.75,291
2026-10-01 04:45:00,28681.75,28684.0,28678.75,28679.5,168
2026-10-01 04:50:00,28679.5,28687.5,28677.5,28686.5,322
2026-10-01 04:55:00,28686.5,28689.0,28684.25,28688.5,207
2026-10-01 05:00:00,28688.5,28689.75,28680.25,28681.25,273
2026-10-01 05:05:00,28681.25,28682.5,28678.5,28679.5,229
2026-10-01 05:10:00,28679.5,28683.0,28676.75,28681.25,352
2026-10-01 05:15:00,28681.25,28684.5,28666.5,28668.5,160
2026-10-01 05:20:00,28668.5,28670.0,28661.25,28661.75,226
2026-10-01 05:25:00,28661.75,28667.0,28661.0,28664.0,206
2026-10-01 05:30:00,28664.0,28664.5,28651.0,28653.0,267
2026-10-01 05:35:00,28653.0,28656.75,28644.0,28645.25,206
2026-10-01 05:40:00,28645.25,28646.75,28629.25,28632.75,125
2026-10-01 05:45:00,28632.75,28639.5,28630.0,28638.75,332
2026-10-01 05:50:00,28638.75,28641.0,28637.0,28637.25,206
2026-10-01 05:55:00,28637.25,28639.0,28633.75,28635.25,357
2026-10-01 06:00:00,28635.25,28635.75,28623.75,28628.5,162
2026-10-01 06:05:00,28628.5,28638.5,28628.0,28637.25,199
2026-10-01 06:10:00,28637.25,28638.25,28635.0,28637.25,239
2026-10-01 06:15:00,28637.25,28640.25,28620.25,28628.5,239
2026-10-01 06:20:00,28628.5,28639.5,28624.25,28635.75,288
2026-10-01 06:25:00,28635.75,28639.5,28631.0,28639.0,187
2026-10-01 06:30:00,28639.0,28642.25,28635.75,28636.5,214
2026-10-01 06:35:00,28636.5,28641.25,28633.0,28639.5,201
2026-10-01 06:40:00,28639.5,28640.75,28632.75,28633.25,258
2026-10-01 06:45:00,28633.25,28640.5,28631.5,28639.25,232
2026-10-01 06:50:00,28639.25,28641.75,28632.5,28635.25,485
2026-10-01 06:55:00,28635.25,28635.5,28628.5,28632.75,411
2026-10-01 07:00:00,28632.75,28643.25,28627.75,28639.25,190
2026-10-01 07:05:00,28639.25,28642.75,28639.0,28640.5,260
2026-10-01 07:10:00,28640.5,28643.0,28638.5,28642.75,325
2026-10-01 07:15:00,28642.75,28644.75,28631.0,28633.75,233
2026-10-01 07:20:00,28633.75,28641.25,28631.75,28640.75,182
2026-10-01 07:25:00,28640.75,28642.5,28638.5,28640.25,387
2026-10-01 07:30:00,28640.25,28652.0,28639.25,28649.0,159
2026-10-01 07:35:00,28649.0,28650.5,28643.75,28643.75,246
2026-10-01 07:40:00,28643.75,28646.75,28636.25,28642.0,271
2026-10-01 07:45:00,28642.0,28646.75,28639.75,28645.0,180
2026-10-01 07:50:00,28645.0,28651.25,28641.25,28646.75,274
2026-10-01 07:55:00,28646.75,28649.25,28638.75,28640.25,228
2026-10-01 08:00:00,28640.25,28642.5,28633.75,28636.5,216
2026-10-01 08:05:00,28636.5,28644.25,28634.75,28643.75,294
2026-10-01 08:10:00,28643.75,28662.5,28638.25,28660.75,178
2026-10-01 08:15:00,28660.75,28668.5,28659.0,28664.0,222
2026-10-01 08:20:00,28664.0,28664.75,28663.5,28664.5,189
2026-10-01 08:25:00,28664.5,28665.5,28663.25,28664.75,177
2026-10-01 08:30:00,28664.75,28679.0,28660.25,28677.5,122
2026-10-01 08:35:00,28677.5,28678.25,28673.0,28674.75,276
2026-10-01 08:40:00,28674.75,28676.25,28665.75,28669.0,281
2026-10-01 08:45:00,28669.0,28671.5,28664.5,28665.5,319
2026-10-01 08:50:00,28665.5,28667.75,28658.25,28659.75,176
2026-10-01 08:55:00,28659.75,28663.0,28657.0,28662.5,198
2026-10-01 09:00:00,28662.5,28671.5,28657.25,28669.0,242
2026-10-01 09:05:00,28669.0,28673.0,28668.25,28672.0,240
2026-10-01 09:10:00,28672.0,28684.75,28668.25,28681.25,303
2026-10-01 09:15:00,28681.25,28681.75,28674.5,28676.25,293
2026-10-01 09:20:00,28676.25,28677.75,28673.25,28674.5,261
2026-10-01 09:25:00,28674.5,28678.25,28664.75,28667.25,353
2026-10-01 09:30:00,28667.25,28674.25,28658.5,28662.75,1202
2026-10-01 09:35:00,28662.75,28664.0,28639.0,28650.5,951
2026-10-01 09:40:00,28650.5,28668.25,28648.5,28666.0,1174
2026-10-01 09:45:00,28666.0,28684.25,28662.25,28674.25,1498
2026-10-01 09:50:00,28674.25,28687.25,28660.75,28665.0,2795
2026-10-01 09:55:00,28665.0,28671.5,28648.75,28656.25,1470
2026-10-01 10:00:00,28656.25,28681.0,28654.75,28668.25,3114
2026-10-01 10:05:00,28668.25,28679.0,28663.75,28664.25,2924
2026-10-01 10:10:00,28664.25,28699.5,28650.0,28691.25,1421
2026-10-01 10:15:00,28691.25,28695.75,28671.75,28683.75,1224
2026-10-01 10:20:00,28683.75,28707.5,28679.5,28702.75,1263
2026-10-01 10:25:00,28702.75,28710.0,28676.75,28687.25,2123
2026-10-01 10:30:00,28687.25,28695.5,28681.0,28695.0,1301
2026-10-01 10:35:00,28695.0,28704.75,28688.25,28704.25,2350
2026-10-01 10:40:00,28704.25,28711.0,28689.0,28692.5,1475
2026-10-01 10:45:00,28692.5,28718.5,28691.5,28718.25,1303
2026-10-01 10:50:00,28718.25,28720.0,28703.25,28703.25,1519
2026-10-01 10:55:00,28703.25,28708.75,28691.75,28697.75,2509
2026-10-01 11:00:00,28697.75,28713.5,28685.75,28712.25,1082
2026-10-01 11:05:00,28712.25,28713.25,28685.25,28687.25,1684
2026-10-01 11:10:00,28687.25,28688.75,28682.25,28684.0,1361
2026-10-01 11:15:00,28684.0,28712.5,28683.0,28710.5,1220
2026-10-01 11:20:00,28710.5,28716.0,28702.75,28713.5,701
2026-10-01 11:25:00,28713.5,28718.25,28706.75,28716.5,1237
2026-10-01 11:30:00,28716.5,28716.75,28697.25,28697.5,1958
2026-10-01 11:35:00,28697.5,28734.5,28691.25,28720.75,736
2026-10-01 11:40:00,28720.75,28733.25,28719.0,28730.0,1218
2026-10-01 11:45:00,28730.0,28732.25,28724.0,28725.0,1643
2026-10-01 11:50:00,28725.0,28735.25,28720.75,28730.75,1621
2026-10-01 11:55:00,28730.75,28734.5,28726.75,28730.5,902
2026-10-01 12:00:00,28730.5,28734.0,28727.25,28730.25,1558
2026-10-01 12:05:00,28730.25,28732.5,28714.75,28716.25,1349
2026-10-01 12:10:00,28716.25,28716.5,28704.5,28710.5,1089
2026-10-01 12:15:00,28710.5,28717.5,28692.0,28698.0,1065
2026-10-01 12:20:00,28698.0,28703.75,28682.25,28684.25,724
2026-10-01 12:25:00,28684.25,28713.75,28682.5,28708.75,939
2026-10-01 12:30:00,28708.75,28710.25,28690.0,28695.25,971
2026-10-01 12:35:00,28695.25,28700.5,28685.0,28686.0,970
2026-10-01 12:40:00,28686.0,28694.75,28682.25,28694.0,1225
2026-10-01 12:45:00,28694.0,28702.5,28686.0,28696.25,825
2026-10-01 12:50:00,28696.25,28698.25,28687.5,28689.5,1512
2026-10-01 12:55:00,28689.5,28696.0,28676.5,28685.25,817
2026-10-01 13:00:00,28685.25,28714.5,28681.5,28706.75,746
2026-10-01 13:05:00,28706.75,28708.25,28695.5,28698.25,609
2026-10-01 13:10:00,28698.25,28705.25,28693.0,28704.75,893
2026-10-01 13:15:00,28704.75,28720.25,28681.25,28686.5,1105
2026-10-01 13:20:00,28686.5,28687.5,28684.0,28684.25,1175
2026-10-01 13:25:00,28684.25,28688.0,28660.75,28667.75,1983
2026-10-01 13:30:00,28667.75,28673.25,28662.25,28664.5,802
2026-10-01 13:35:00,28664.5,28675.0,28663.75,28675.0,1189
2026-10-01 13:40:00,28675.0,28676.75,28648.25,28661.5,1272
2026-10-01 13:45:00,28661.5,28664.25,28653.5,28654.25,1262
2026-10-01 13:50:00,28654.25,28665.75,28650.0,28663.5,1289
2026-10-01 13:55:00,28663.5,28667.75,28655.75,28662.25,839
2026-10-01 14:00:00,28662.25,28668.25,28656.75,28659.5,1474
2026-10-01 14:05:00,28659.5,28668.25,28653.5,28661.25,854
2026-10-01 14:10:00,28661.25,28663.25,28659.25,28660.5,1514
2026-10-01 14:15:00,28660.5,28668.75,28658.0,28664.25,1219
2026-10-01 14:20:00,28664.25,28670.25,28641.5,28648.25,1741
2026-10-01 14:25:00,28648.25,28657.0,28647.75,28656.0,2647
2026-10-01 14:30:00,28656.0,28659.5,28636.0,28641.75,2017
2026-10-01 14:35:00,28641.75,28671.5,28641.0,28670.5,1406
2026-10-01 14:40:00,28670.5,28679.75,28663.5,28676.75,1897
2026-10-01 14:45:00,28676.75,28677.75,28669.25,28672.25,1065
2026-10-01 14:50:00,28672.25,28677.75,28663.75,28668.75,1294
2026-10-01 14:55:00,28668.75,28683.5,28664.75,28682.5,1091
2026-10-01 15:00:00,28682.5,28703.75,28678.25,28690.0,1600
2026-10-01 15:05:00,28690.0,28720.25,28680.75,28712.25,1485
2026-10-01 15:10:00,28712.25,28716.0,28699.75,28707.0,1202
2026-10-01 15:15:00,28707.0,28707.25,28691.75,28701.0,1696
2026-10-01 15:20:00,28701.0,28744.5,28676.75,28741.75,1490
2026-10-01 15:25:00,28741.75,28753.75,28732.75,28748.5,1082
2026-10-01 15:30:00,28748.5,28749.0,28719.0,28724.0,3166
2026-10-01 15:35:00,28724.0,28725.0,28710.0,28721.5,2300
2026-10-01 15:40:00,28721.5,28729.5,28719.25,28725.5,2431
2026-10-01 15:45:00,28725.5,28734.25,28691.75,28699.25,1489
2026-10-01 15:50:00,28699.25,28700.0,28670.75,28678.75,1367
2026-10-01 15:55:00,28678.75,28685.25,28655.25,28660.75,1792
2026-10-01 16:00:00,28660.75,28667.75,28652.5,28654.0,199
2026-10-01 16:05:00,28654.0,28659.25,28653.75,28659.0,180
2026-10-01 16:10:00,28659.0,28664.5,28658.75,28661.75,229
2026-10-01 16:15:00,28661.75,28665.5,28653.5,28655.5,199
2026-10-01 16:20:00,28655.5,28662.5,28655.5,28659.75,302
2026-10-01 16:25:00,28659.75,28666.25,28659.5,28661.0,215
2026-10-01 16:30:00,28661.0,28663.5,28659.5,28662.25,243
2026-10-01 16:35:00,28662.25,28667.75,28661.0,28662.25,133
2026-10-01 16:40:00,28662.25,28664.75,28658.25,28664.5,195
2026-10-01 16:45:00,28664.5,28664.5,28658.0,28661.25,130
2026-10-01 16:50:00,28661.25,28668.75,28659.5,28664.5,276
2026-10-01 16:55:00,28664.5,28672.0,28663.75,28667.5,192
2026-10-01 18:00:00,28667.5,28674.25,28664.25,28671.5,219
2026-10-01 18:05:00,28671.5,28682.5,28669.0,28681.5,196
2026-10-01 18:10:00,28681.5,28688.25,28681.0,28684.75,188
2026-10-01 18:15:00,28684.75,28685.0,28682.0,28684.0,192
2026-10-01 18:20:00,28684.0,28685.5,28677.0,28681.0,128
2026-10-01 18:25:00,28681.0,28683.0,28680.5,28681.75,212
2026-10-01 18:30:00,28681.75,28694.75,28680.5,28692.75,241
2026-10-01 18:35:00,28692.75,28699.75,28688.0,28698.25,126
2026-10-01 18:40:00,28698.25,28711.25,28697.25,28706.0,230
2026-10-01 18:45:00,28706.0,28708.75,28704.25,28707.75,217
2026-10-01 18:50:00,28707.75,28722.5,28700.5,28717.25,181
2026-10-01 18:55:00,28717.25,28721.0,28715.75,28717.75,200
2026-10-01 19:00:00,28717.75,28720.5,28716.5,28717.5,225
2026-10-01 19:05:00,28717.5,28718.5,28710.25,28711.25,160
2026-10-01 19:10:00,28711.25,28712.0,28706.75,28711.25,179
2026-10-01 19:15:00,28711.25,28713.25,28711.0,28712.0,318
2026-10-01 19:20:00,28712.0,28715.25,28704.0,28704.75,256
2026-10-01 19:25:00,28704.75,28706.25,28701.25,28702.0,183
2026-10-01 19:30:00,28702.0,28702.5,28690.0,28693.75,213
2026-10-01 19:35:00,28693.75,28696.5,28691.25,28693.25,235
2026-10-01 19:40:00,28693.25,28697.25,28691.25,28697.25,201
2026-10-01 19:45:00,28697.25,28699.0,28689.5,28691.25,181
2026-10-01 19:50:00,28691.25,28693.5,28682.5,28684.0,390
2026-10-01 19:55:00,28684.0,28685.0,28680.5,28685.0,256
2026-10-01 20:00:00,28685.0,28694.75,28683.25,28694.25,310
2026-10-01 20:05:00,28694.25,28711.25,28690.25,28705.75,145
2026-10-01 20:10:00,28705.75,28710.5,28701.25,28710.0,246
2026-10-01 20:15:00,28710.0,28721.75,28709.75,28719.25,228
2026-10-01 20:20:00,28719.25,28720.5,28716.25,28716.75,468
2026-10-01 20:25:00,28716.75,28721.5,28712.0,28718.5,345
2026-10-01 20:30:00,28718.5,28730.75,28715.25,28728.25,203
2026-10-01 20:35:00,28728.25,28728.25,28723.25,28724.0,199
2026-10-01 20:40:00,28724.0,28725.25,28721.25,28721.25,281
2026-10-01 20:45:00,28721.25,28726.0,28716.5,28725.5,270
2026-10-01 20:50:00,28725.5,28733.25,28722.75,28730.0,350
2026-10-01 20:55:00,28730.0,28733.5,28719.25,28725.5,235
2026-10-01 21:00:00,28725.5,28727.5,28722.75,28727.5,251
2026-10-01 21:05:00,28727.5,28731.0,28718.5,28719.75,135
2026-10-01 21:10:00,28719.75,28723.0,28716.25,28717.5,339
2026-10-01 21:15:00,28717.5,28718.75,28711.25,28715.0,256
2026-10-01 21:20:00,28715.0,28716.25,28709.25,28709.75,146
2026-10-01 21:25:00,28709.75,28712.5,28699.5,28704.5,211
2026-10-01 21:30:00,28704.5,28709.75,28704.25,28708.5,212
2026-10-01 21:35:00,28708.5,28710.25,28705.75,28706.25,331
2026-10-01 21:40:00,28706.25,28708.75,28700.0,28700.25,305
2026-10-01 21:45:00,28700.25,28702.5,28693.25,28696.75,197
2026-10-01 21:50:00,28696.75,28700.5,28689.25,28691.25,175
2026-10-01 21:55:00,28691.25,28693.5,28681.75,28683.0,147
2026-10-01 22:00:00,28683.0,28684.25,28678.25,28683.0,163
2026-10-01 22:05:00,28683.0,28695.5,28678.25,28693.75,247
2026-10-01 22:10:00,28693.75,28696.5,28691.75,28694.5,319
2026-10-01 22:15:00,28694.5,28704.0,28693.25,28702.25,216
2026-10-01 22:20:00,28702.25,28707.25,28694.75,28701.5,265
2026-10-01 22:25:00,28701.5,28702.0,28697.25,28697.75,155
2026-10-01 22:30:00,28697.75,28704.5,28697.5,28701.75,225
2026-10-01 22:35:00,28701.75,28702.0,28699.75,28700.0,146
2026-10-01 22:40:00,28700.0,28707.5,28696.25,28703.25,94
2026-10-01 22:45:00,28703.25,28706.25,28702.25,28703.0,350
2026-10-01 22:50:00,28703.0,28705.25,28699.75,28700.5,200
2026-10-01 22:55:00,28700.5,28703.25,28690.5,28691.25,99
2026-10-01 23:00:00,28691.25,28705.5,28686.0,28704.25,318
2026-10-01 23:05:00,28704.25,28709.75,28703.75,28708.25,381
2026-10-01 23:10:00,28708.25,28708.5,28702.5,28706.5,140
2026-10-01 23:15:00,28706.5,28707.0,28703.5,28704.75,236
2026-10-01 23:20:00,28704.75,28708.0,28701.5,28706.75,176
2026-10-01 23:25:00,28706.75,28708.0,28697.25,28698.5,116
2026-10-01 23:30:00,28698.5,28705.5,28695.0,28704.0,161
2026-10-01 23:35:00,28704.0,28704.75,28690.25,28694.0,373
2026-10-01 23:40:00,28694.0,28697.75,28691.0,28696.0,232
2026-10-01 23:45:00,28696.0,28699.25,28684.25,28685.25,233
2026-10-01 23:50:00,28685.25,28687.0,28680.25,28680.75,193
2026-10-01 23:55:00,28680.75,28682.75,28675.5,28678.75,158
2026-10-02 00:00:00,28678.75,28685.0,28677.5,28680.5,106
2026-10-02 00:05:00,28680.5,28683.0,28678.75,28680.25,352
2026-10-02 00:10:00,28680.25,28680.5,28665.75,28670.0,416
2026-10-02 00:15:00,28670.0,28674.25,28665.75,28671.0,154
2026-10-02 00:20:00,28671.0,28672.25,28667.75,28669.5,614
2026-10-02 00:25:00,28669.5,28670.25,28665.5,28669.0,295
2026-10-02 00:30:00,28669.0,28669.25,28659.75,28660.25,192
2026-10-02 00:35:00,28660.25,28664.25,28656.5,28657.75,194
2026-10-02 00:40:00,28657.75,28669.0,28653.25,28667.75,283
2026-10-02 00:45:00,28667.75,28682.5,28664.0,28681.0,129
2026-10-02 00:50:00,28681.0,28690.25,28680.25,28685.0,203
2026-10-02 00:55:00,28685.0,28692.75,28683.25,28689.25,200
2026-10-02 01:00:00,28689.25,28697.5,28682.75,28693.5,213
2026-10-02 01:05:00,28693.5,28703.25,28689.25,28702.25,331
2026-10-02 01:10:00,28702.25,28704.75,28684.5,28688.0,251
2026-10-02 01:15:00,28688.0,28689.75,28680.5,28681.0,213
2026-10-02 01:20:00,28681.0,28684.5,28677.0,28678.5,139
2026-10-02 01:25:00,28678.5,28682.25,28676.0,28679.75,131
2026-10-02 01:30:00,28679.75,28684.0,28662.75,28666.0,301
2026-10-02 01:35:00,28666.0,28668.0,28654.0,28655.75,238
2026-10-02 01:40:00,28655.75,28659.0,28649.75,28654.0,273
2026-10-02 01:45:00,28654.0,28655.75,28649.0,28651.75,241
2026-10-02 01:50:00,28651.75,28659.5,28647.25,28653.25,305
2026-10-02 01:55:00,28653.25,28660.0,28652.25,28656.0,171
2026-10-02 02:00:00,28656.0,28657.25,28648.5,28649.75,183
2026-10-02 02:05:00,28649.75,28653.25,28646.75,28649.0,239
2026-10-02 02:10:00,28649.0,28652.5,28644.25,28650.75,195
2026-10-02 02:15:00,28650.75,28651.25,28643.0,28645.0,118
2026-10-02 02:20:00,28645.0,28648.75,28636.0,28636.0,364
2026-10-02 02:25:00,28636.0,28637.25,28617.0,28626.25,225
2026-10-02 02:30:00,28626.25,28627.5,28618.75,28621.25,356
2026-10-02 02:35:00,28621.25,28626.0,28611.0,28615.25,169
2026-10-02 02:40:00,28615.25,28623.0,28611.0,28617.75,241
2026-10-02 02:45:00,28617.75,28622.5,28612.25,28615.25,300
2026-10-02 02:50:00,28615.25,28617.75,28608.0,28613.0,138
2026-10-02 02:55:00,28613.0,28615.5,28607.25,28607.75,342
2026-10-02 03:00:00,28607.75,28610.75,28606.5,28607.5,243
2026-10-02 03:05:00,28607.5,28609.75,28606.25,28609.5,624
2026-10-02 03:10:00,28609.5,28612.5,28607.5,28611.25,170
2026-10-02 03:15:00,28611.25,28616.0,28597.75,28600.5,154
2026-10-02 03:20:00,28600.5,28603.5,28600.0,28601.75,205
2026-10-02 03:25:00,28601.75,28605.0,28595.75,28599.25,216
2026-10-02 03:30:00,28599.25,28601.5,28593.75,28598.75,291
2026-10-02 03:35:00,28598.75,28600.5,28592.0,28593.75,230
2026-10-02 03:40:00,28593.75,28596.5,28585.25,28589.5,269
2026-10-02 03:45:00,28589.5,28591.25,28577.5,28580.0,450
2026-10-02 03:50:00,28580.0,28593.0,28576.5,28588.5,319
2026-10-02 03:55:00,28588.5,28598.75,28588.25,28593.0,261
2026-10-02 04:00:00,28593.0,28599.75,28589.0,28597.5,265
2026-10-02 04:05:00,28597.5,28604.75,28594.75,28604.0,540
2026-10-02 04:10:00,28604.0,28607.25,28591.75,28592.0,256
2026-10-02 04:15:00,28592.0,28594.5,28589.75,28591.75,265
2026-10-02 04:20:00,28591.75,28598.5,28589.0,28598.0,157
2026-10-02 04:25:00,28598.0,28604.0,28596.75,28601.75,199
2026-10-02 04:30:00,28601.75,28606.25,28598.5,28606.25,367
2026-10-02 04:35:00,28606.25,28611.75,28605.25,28608.75,310
2026-10-02 04:40:00,28608.75,28612.75,28608.25,28612.0,156
2026-10-02 04:45:00,28612.0,28612.0,28606.25,28608.5,132
2026-10-02 04:50:00,28608.5,28614.5,28607.5,28611.75,216
2026-10-02 04:55:00,28611.75,28613.75,28604.25,28606.25,578
2026-10-02 05:00:00,28606.25,28610.0,28604.5,28606.25,153
2026-10-02 05:05:00,28606.25,28608.25,28601.75,28605.25,211
2026-10-02 05:10:00,28605.25,28611.5,28604.0,28605.25,242
2026-10-02 05:15:00,28605.25,28618.25,28605.0,28614.5,206
2026-10-02 05:20:00,28614.5,28618.5,28614.0,28614.5,157
2026-10-02 05:25:00,28614.5,28617.25,28612.25,28613.0,170
2026-10-02 05:30:00,28613.0,28626.5,28609.0,28622.5,420
2026-10-02 05:35:00,28622.5,28629.25,28621.5,28627.25,284
2026-10-02 05:40:00,28627.25,28636.0,28627.25,28634.0,193
2026-10-02 05:45:00,28634.0,28639.25,28630.75,28637.0,204
2026-10-02 05:50:00,28637.0,28641.5,28637.0,28640.5,307
2026-10-02 05:55:00,28640.5,28646.5,28637.25,28639.0,400
2026-10-02 06:00:00,28639.0,28648.5,28638.75,28645.5,252
2026-10-02 06:05:00,28645.5,28649.5,28636.5,28637.25,421
2026-10-02 06:10:00,28637.25,28644.75,28635.5,28641.75,298
2026-10-02 06:15:00,28641.75,28651.25,28641.75,28646.75,179
2026-10-02 06:20:00,28646.75,28649.25,28645.5,28648.25,266
2026-10-02 06:25:00,28648.25,28658.5,28646.0,28656.0,259
2026-10-02 06:30:00,28656.0,28665.0,28655.0,28659.0,270
2026-10-02 06:35:00,28659.0,28661.5,28655.5,28658.75,149
2026-10-02 06:40:00,28658.75,28661.0,28646.75,28649.25,195
2026-10-02 06:45:00,28649.25,28658.0,28646.5,28656.25,158
2026-10-02 06:50:00,28656.25,28656.5,28654.5,28656.25,217
2026-10-02 06:55:00,28656.25,28657.25,28648.5,28651.25,230
2026-10-02 07:00:00,28651.25,28655.25,28650.0,28652.25,220
2026-10-02 07:05:00,28652.25,28659.0,28648.0,28650.5,267
2026-10-02 07:10:00,28650.5,28653.75,28646.5,28650.0,225
2026-10-02 07:15:00,28650.0,28651.5,28643.25,28645.75,337
2026-10-02 07:20:00,28645.75,28646.5,28636.0,28641.0,209
2026-10-02 07:25:00,28641.0,28653.5,28638.0,28651.75,172
2026-10-02 07:30:00,28651.75,28653.5,28640.5,28643.25,141
2026-10-02 07:35:00,28643.25,28649.5,28642.25,28648.25,211
2026-10-02 07:40:00,28648.25,28648.75,28642.75,28642.75,164
2026-10-02 07:45:00,28642.75,28656.5,28642.0,28653.75,103
2026-10-02 07:50:00,28653.75,28653.75,28644.25,28645.75,293
2026-10-02 07:55:00,28645.75,28646.75,28636.5,28641.25,173
2026-10-02 08:00:00,28641.25,28650.0,28638.5,28646.5,169
2026-10-02 08:05:00,28646.5,28646.75,28639.75,28642.75,279
2026-10-02 08:10:00,28642.75,28654.0,28642.0,28649.0,237
2026-10-02 08:15:00,28649.0,28657.5,28647.25,28654.25,131
2026-10-02 08:20:00,28654.25,28666.75,28653.5,28665.0,225
2026-10-02 08:25:00,28665.0,28665.75,28654.5,28656.75,187
2026-10-02 08:30:00,28656.75,28657.25,28650.25,28650.5,145
2026-10-02 08:35:00,28650.5,28652.5,28642.25,28644.25,331
2026-10-02 08:40:00,28644.25,28644.25,28639.25,28640.75,223
2026-10-02 08:45:00,28640.75,28641.5,28631.75,28634.0,282
2026-10-02 08:50:00,28634.0,28646.0,28632.0,28641.25,232
2026-10-02 08:55:00,28641.25,28642.5,28638.25,28639.5,320
2026-10-02 09:00:00,28639.5,28642.75,28637.75,28640.0,371
2026-10-02 09:05:00,28640.0,28641.0,28632.5,28636.25,250
2026-10-02 09:10:00,28636.25,28644.5,28631.5,28643.25,533
2026-10-02 09:15:00,28643.25,28648.0,28639.5,28647.75,179
2026-10-02 09:20:00,28647.75,28648.75,28643.5,28644.75,308
2026-10-02 09:25:00,28644.75,28650.75,28642.75,28647.5,215
2026-10-02 09:30:00,28647.5,28649.25,28634.5,28636.0,2290
2026-10-02 09:35:00,28636.0,28644.0,28635.0,28639.0,1874
2026-10-02 09:40:00,28639.0,28648.0,28610.5,28624.0,888
2026-10-02 09:45:00,28624.0,28635.5,28590.0,28599.75,1313
2026-10-02 09:50:00,28599.75,28615.25,28583.0,28584.75,988
2026-10-02 09:55:00,28584.75,28609.5,28573.5,28607.0,1628
2026-10-02 10:00:00,28607.0,28624.0,28602.75,28620.75,1767
2026-10-02 10:05:00,28620.75,28626.25,28600.75,28608.25,1274
2026-10-02 10:10:00,28608.25,28612.0,28584.5,28597.5,1608
2026-10-02 10:15:00,28597.5,28616.25,28591.25,28602.25,1735
2026-10-02 10:20:00,28602.25,28625.5,28592.5,28621.25,1399
2026-10-02 10:25:00,28621.25,28649.75,28614.25,28635.5,1956
2026-10-02 10:30:00,28635.5,28656.5,28633.75,28645.0,1705
2026-10-02 10:35:00,28645.0,28653.25,28644.0,28651.75,1144
2026-10-02 10:40:00,28651.75,28652.25,28644.25,28651.75,1936
2026-10-02 10:45:00,28651.75,28654.0,28649.75,28650.5,1740
2026-10-02 10:50:00,28650.5,28655.75,28644.25,28652.75,1073
2026-10-02 10:55:00,28652.75,28653.5,28614.0,28620.75,780
2026-10-02 11:00:00,28620.75,28626.25,28603.0,28610.0,1886
2026-10-02 11:05:00,28610.0,28615.0,28589.0,28594.25,1288
2026-10-02 11:10:00,28594.25,28617.75,28584.0,28613.25,1584
2026-10-02 11:15:00,28613.25,28613.5,28603.75,28606.0,2148
2026-10-02 11:20:00,28606.0,28607.0,28594.25,28601.5,1211
2026-10-02 11:25:00,28601.5,28603.75,28586.5,28589.25,1696
2026-10-02 11:30:00,28589.25,28593.0,28583.5,28588.25,898
2026-10-02 11:35:00,28588.25,28597.5,28581.25,28585.25,2177
2026-10-02 11:40:00,28585.25,28595.75,28581.5,28594.25,1087
2026-10-02 11:45:00,28594.25,28596.25,28563.25,28568.25,1615
2026-10-02 11:50:00,28568.25,28581.0,28556.75,28563.25,1191
2026-10-02 11:55:00,28563.25,28582.5,28559.75,28576.25,1131
2026-10-02 12:00:00,28576.25,28581.0,28551.25,28555.75,867
2026-10-02 12:05:00,28555.75,28576.25,28546.5,28571.75,637
2026-10-02 12:10:00,28571.75,28585.5,28566.25,28578.0,985
2026-10-02 12:15:00,28578.0,28594.0,28575.5,28590.25,1073
2026-10-02 12:20:00,28590.25,28595.5,28565.75,28571.0,2058
2026-10-02 12:25:00,28571.0,28574.25,28552.0,28554.0,1389
2026-10-02 12:30:00,28554.0,28558.75,28553.0,28557.75,1464
2026-10-02 12:35:00,28557.75,28567.0,28547.75,28565.0,1150
2026-10-02 12:40:00,28565.0,28591.75,28559.5,28586.75,856
2026-10-02 12:45:00,28586.75,28598.5,28585.75,28591.5,1481
2026-10-02 12:50:00,28591.5,28621.75,28583.25,28615.75,2025
2026-10-02 12:55:00,28615.75,28617.25,28583.75,28594.0,940
2026-10-02 13:00:00,28594.0,28594.25,28581.0,28583.75,1961
2026-10-02 13:05:00,28583.75,28594.75,28580.5,28585.25,665
2026-10-02 13:10:00,28585.25,28599.0,28577.25,28589.75,663
2026-10-02 13:15:00,28589.75,28596.5,28583.0,28592.5,847
2026-10-02 13:20:00,28592.5,28598.5,28583.25,28585.75,813
2026-10-02 13:25:00,28585.75,28603.75,28566.75,28576.5,1165
2026-10-02 13:30:00,28576.5,28583.0,28553.25,28553.25,2639
2026-10-02 13:35:00,28553.25,28554.25,28539.5,28548.0,818
2026-10-02 13:40:00,28548.0,28549.5,28541.0,28548.5,1339
2026-10-02 13:45:00,28548.5,28570.75,28542.5,28566.75,1042
2026-10-02 13:50:00,28566.75,28588.0,28562.0,28584.5,2202
2026-10-02 13:55:00,28584.5,28590.75,28566.25,28570.75,1331
2026-10-02 14:00:00,28570.75,28574.75,28566.25,28572.0,1682
2026-10-02 14:05:00,28572.0,28580.25,28560.0,28569.5,528
2026-10-02 14:10:00,28569.5,28572.75,28548.25,28552.0,1308
2026-10-02 14:15:00,28552.0,28556.75,28534.5,28534.75,2262
2026-10-02 14:20:00,28534.75,28547.75,28534.0,28547.5,1693
2026-10-02 14:25:00,28547.5,28551.5,28537.75,28539.75,1205
2026-10-02 14:30:00,28539.75,28540.75,28531.25,28533.75,1543
2026-10-02 14:35:00,28533.75,28536.25,28518.0,28519.25,1192
2026-10-02 14:40:00,28519.25,28528.5,28517.75,28526.75,1753
2026-10-02 14:45:00,28526.75,28548.75,28521.25,28543.25,3482
2026-10-02 14:50:00,28543.25,28555.0,28540.25,28551.25,1668
2026-10-02 14:55:00,28551.25,28555.75,28551.25,28554.25,2132
2026-10-02 15:00:00,28554.25,28567.5,28538.75,28562.25,986
2026-10-02 15:05:00,28562.25,28577.0,28562.0,28573.75,1977
2026-10-02 15:10:00,28573.75,28595.25,28564.25,28583.75,1303
2026-10-02 15:15:00,28583.75,28624.25,28572.0,28614.5,1910
2026-10-02 15:20:00,28614.5,28634.25,28613.25,28626.75,2102
2026-10-02 15:25:00,28626.75,28631.75,28614.5,28615.75,2235
2026-10-02 15:30:00,28615.75,28622.75,28600.5,28615.75,3029
2026-10-02 15:35:00,28615.75,28626.0,28602.25,28610.0,2512
2026-10-02 15:40:00,28610.0,28619.25,28601.0,28604.75,1870
2026-10-02 15:45:00,28604.75,28617.75,28603.25,28610.0,1656
2026-10-02 15:50:00,28610.0,28620.0,28608.0,28618.0,2188
2026-10-02 15:55:00,28618.0,28624.25,28616.5,28617.75,2315
2026-10-02 16:00:00,28617.75,28620.0,28607.25,28608.5,90
2026-10-02 16:05:00,28608.5,28608.5,28596.5,28602.5,198
2026-10-02 16:10:00,28602.5,28603.75,28591.75,28592.5,286
2026-10-02 16:15:00,28592.5,28594.25,28590.25,28594.0,279
2026-10-02 16:20:00,28594.0,28596.0,28593.5,28594.5,294
2026-10-02 16:25:00,28594.5,28597.0,28592.25,28595.5,112
2026-10-02 16:30:00,28595.5,28595.75,28585.75,28588.0,199
2026-10-02 16:35:00,28588.0,28588.75,28569.5,28574.75,214
2026-10-02 16:40:00,28574.75,28578.0,28571.25,28571.75,457
2026-10-02 16:45:00,28571.75,28573.25,28559.25,28561.25,185
2026-10-02 16:50:00,28561.25,28563.25,28554.5,28555.5,170
2026-10-02 16:55:00,28555.5,28558.5,28553.75,28556.0,293
2026-10-04 18:00:00,28556.0,28560.75,28550.5,28557.25,326
2026-10-04 18:05:00,28557.25,28558.0,28544.75,28550.0,285
2026-10-04 18:10:00,28550.0,28554.5,28539.5,28545.0,382
2026-10-04 18:15:00,28545.0,28545.75,28534.75,28538.0,149
2026-10-04 18:20:00,28538.0,28538.25,28530.5,28533.0,198
2026-10-04 18:25:00,28533.0,28533.75,28530.25,28533.75,230
2026-10-04 18:30:00,28533.75,28534.25,28528.5,28531.5,182
2026-10-04 18:35:00,28531.5,28532.5,28528.25,28530.75,219
2026-10-04 18:40:00,28530.75,28534.75,28524.5,28524.75,151
2026-10-04 18:45:00,28524.75,28530.5,28524.75,28529.0,231
2026-10-04 18:50:00,28529.0,28530.5,28522.25,28525.5,344
2026-10-04 18:55:00,28525.5,28530.5,28523.0,28529.25,267
2026-10-04 19:00:00,28529.25,28535.5,28524.0,28533.5,197
2026-10-04 19:05:00,28533.5,28535.5,28523.5,28527.0,170
2026-10-04 19:10:00,28527.0,28535.25,28525.0,28532.75,153
2026-10-04 19:15:00,28532.75,28536.5,28519.0,28520.5,297
2026-10-04 19:20:00,28520.5,28523.0,28519.25,28521.25,146
2026-10-04 19:25:00,28521.25,28533.0,28519.75,28528.5,135
2026-10-04 19:30:00,28528.5,28530.5,28527.25,28527.5,167
2026-10-04 19:35:00,28527.5,28535.75,28525.25,28532.25,186
2026-10-04 19:40:00,28532.25,28543.75,28531.5,28542.0,303
2026-10-04 19:45:00,28542.0,28557.5,28542.0,28555.25,162
2026-10-04 19:50:00,28555.25,28568.25,28552.0,28567.25,203
2026-10-04 19:55:00,28567.25,28569.5,28565.5,28568.75,154
2026-10-04 20:00:00,28568.75,28574.0,28567.25,28571.25,334
2026-10-04 20:05:00,28571.25,28584.75,28569.25,28580.25,210
2026-10-04 20:10:00,28580.25,28593.0,28575.0,28591.25,55
2026-10-04 20:15:00,28591.25,28595.0,28586.75,28591.5,191
2026-10-04 20:20:00,28591.5,28593.25,28587.25,28587.25,267
2026-10-04 20:25:00,28587.25,28591.25,28584.25,28587.0,179
2026-10-04 20:30:00,28587.0,28589.5,28576.5,28580.5,226
2026-10-04 20:35:00,28580.5,28586.5,28580.0,28584.0,183
2026-10-04 20:40:00,28584.0,28584.75,28579.75,28580.0,188
2026-10-04 20:45:00,28580.0,28585.0,28577.0,28584.25,141
2026-10-04 20:50:00,28584.25,28595.25,28583.75,28595.0,298
2026-10-04 20:55:00,28595.0,28597.0,28587.25,28587.75,352
2026-10-04 21:00:00,28587.75,28593.75,28586.25,28592.0,194
2026-10-04 21:05:00,28592.0,28600.5,28591.25,28600.0,119
2026-10-04 21:10:00,28600.0,28614.75,28596.5,28611.25,219
2026-10-04 21:15:00,28611.25,28613.25,28610.5,28612.25,105
2026-10-04 21:20:00,28612.25,28618.5,28609.25,28617.25,161
2026-10-04 21:25:00,28617.25,28618.75,28608.25,28614.25,177
2026-10-04 21:30:00,28614.25,28619.0,28611.5,28618.5,183
2026-10-04 21:35:00,28618.5,28623.75,28616.25,28620.5,311
2026-10-04 21:40:00,28620.5,28622.25,28618.5,28619.75,99
2026-10-04 21:45:00,28619.75,28636.75,28619.0,28634.25,451
2026-10-04 21:50:00,28634.25,28637.0,28629.5,28630.75,160
2026-10-04 21:55:00,28630.75,28641.5,28627.25,28637.25,204
2026-10-04 22:00:00,28637.25,28643.5,28632.0,28632.0,282
2026-10-04 22:05:00,28632.0,28639.0,28630.0,28638.5,318
2026-10-04 22:10:00,28638.5,28640.25,28625.75,28626.5,146
2026-10-04 22:15:00,28626.5,28630.0,28620.75,28622.75,220
2026-10-04 22:20:00,28622.75,28627.0,28619.25,28625.25,406
2026-10-04 22:25:00,28625.25,28625.5,28621.0,28622.25,310
2026-10-04 22:30:00,28622.25,28623.0,28619.25,28621.75,360
2026-10-04 22:35:00,28621.75,28624.75,28615.5,28618.25,288
2026-10-04 22:40:00,28618.25,28622.25,28616.25,28621.75,216
2026-10-04 22:45:00,28621.75,28629.0,28618.5,28626.75,106
2026-10-04 22:50:00,28626.75,28633.5,28626.75,28631.5,164
2026-10-04 22:55:00,28631.5,28631.75,28627.75,28631.75,362
2026-10-04 23:00:00,28631.75,28633.75,28622.5,28625.0,210
2026-10-04 23:05:00,28625.0,28626.5,28621.25,28623.0,191
2026-10-04 23:10:00,28623.0,28637.0,28618.25,28632.25,273
2026-10-04 23:15:00,28632.25,28635.25,28623.75,28628.5,172
2026-10-04 23:20:00,28628.5,28644.25,28627.25,28640.0,347
2026-10-04 23:25:00,28640.0,28641.5,28637.5,28638.5,228
2026-10-04 23:30:00,28638.5,28641.5,28630.75,28633.5,222
2026-10-04 23:35:00,28633.5,28640.75,28633.25,28637.75,269
2026-10-04 23:40:00,28637.75,28649.5,28631.25,28647.5,135
2026-10-04 23:45:00,28647.5,28649.25,28640.5,28648.75,344
2026-10-04 23:50:00,28648.75,28657.25,28647.5,28655.75,322
2026-10-04 23:55:00,28655.75,28661.75,28655.25,28661.25,440
2026-10-05 00:00:00,28661.25,28674.25,28657.25,28673.75,127
2026-10-05 00:05:00,28673.75,28675.0,28669.75,28670.75,129
2026-10-05 00:10:00,28670.75,28679.25,28669.0,28678.25,143
2026-10-05 00:15:00,28678.25,28681.0,28677.0,28680.75,347
2026-10-05 00:20:00,28680.75,28684.25,28665.75,28666.25,138
2026-10-05 00:25:00,28666.25,28669.25,28661.0,28662.0,313
2026-10-05 00:30:00,28662.0,28662.75,28660.25,28661.5,157
2026-10-05 00:35:00,28661.5,28668.0,28660.0,28667.0,219
2026-10-05 00:40:00,28667.0,28670.5,28660.25,28663.5,384
2026-10-05 00:45:00,28663.5,28668.5,28662.25,28667.25,238
2026-10-05 00:50:00,28667.25,28669.0,28656.75,28658.5,234
2026-10-05 00:55:00,28658.5,28659.75,28648.25,28653.25,151
2026-10-05 01:00:00,28653.25,28655.0,28647.75,28649.75,391
2026-10-05 01:05:00,28649.75,28649.75,28641.5,28642.75,338
2026-10-05 01:10:00,28642.75,28647.75,28638.75,28640.5,222
2026-10-05 01:15:00,28640.5,28644.0,28638.5,28643.5,153
2026-10-05 01:20:00,28643.5,28643.5,28637.5,28638.75,166
2026-10-05 01:25:00,28638.75,28647.5,28634.0,28643.0,354
2026-10-05 01:30:00,28643.0,28649.75,28642.5,28648.5,192
2026-10-05 01:35:00,28648.5,28654.0,28646.75,28647.75,389
2026-10-05 01:40:00,28647.75,28660.25,28643.5,28654.25,151
2026-10-05 01:45:00,28654.25,28662.0,28650.25,28658.75,299
2026-10-05 01:50:00,28658.75,28660.5,28655.25,28656.0,176
2026-10-05 01:55:00,28656.0,28664.5,28655.25,28660.0,237
2026-10-05 02:00:00,28660.0,28663.0,28659.5,28661.0,281
2026-10-05 02:05:00,28661.0,28661.0,28648.75,28650.75,175
2026-10-05 02:10:00,28650.75,28651.5,28645.0,28645.25,109
2026-10-05 02:15:00,28645.25,28646.25,28637.25,28638.25,111
2026-10-05 02:20:00,28638.25,28643.0,28635.25,28640.0,210
2026-10-05 02:25:00,28640.0,28646.0,28636.5,28644.5,143
2026-10-05 02:30:00,28644.5,28650.25,28638.25,28647.75,226
2026-10-05 02:35:00,28647.75,28655.5,28641.75,28653.0,174
2026-10-05 02:40:00,28653.0,28657.0,28647.25,28649.75,205
2026-10-05 02:45:00,28649.75,28652.0,28646.75,28649.0,152
2026-10-05 02:50:00,28649.0,28651.25,28645.0,28646.25,559
2026-10-05 02:55:00,28646.25,28655.75,28646.0,28652.75,211
2026-10-05 03:00:00,28652.75,28662.75,28650.75,28658.25,172
2026-10-05 03:05:00,28658.25,28662.75,28658.0,28661.5,167
2026-10-05 03:10:00,28661.5,28664.75,28659.0,28664.25,316
2026-10-05 03:15:00,28664.25,28672.75,28662.25,28671.25,261
2026-10-05 03:20:00,28671.25,28675.0,28669.75,28671.5,273
2026-10-05 03:25:00,28671.5,28682.0,28671.0,28678.25,259
2026-10-05 03:30:00,28678.25,28692.5,28677.25,28688.5,193
2026-10-05 03:35:00,28688.5,28693.75,28684.75,28689.75,218
2026-10-05 03:40:00,28689.75,28690.75,28680.75,28683.75,224
2026-10-05 03:45:00,28683.75,28692.25,28682.0,28690.5,200
2026-10-05 03:50:00,28690.5,28700.25,28688.25,28693.5,148
2026-10-05 03:55:00,28693.5,28695.5,28690.25,28694.25,198
2026-10-05 04:00:00,28694.25,28699.25,28687.5,28691.0,142
2026-10-05 04:05:00,28691.0,28695.75,28690.25,28695.5,226
2026-10-05 04:10:00,28695.5,28699.0,28690.75,28698.5,248
2026-10-05 04:15:00,28698.5,28701.75,28695.0,28701.5,135
2026-10-05 04:20:00,28701.5,28704.5,28696.25,28697.0,259
2026-10-05 04:25:00,28697.0,28697.75,28688.75,28693.75,134
2026-10-05 04:30:00,28693.75,28695.5,28692.0,28693.5,207
2026-10-05 04:35:00,28693.5,28697.5,28688.25,28695.25,150
2026-10-05 04:40:00,28695.25,28708.75,28690.0,28706.25,207
2026-10-05 04:45:00,28706.25,28708.25,28701.25,28701.5,347
2026-10-05 04:50:00,28701.5,28704.75,28697.75,28702.0,349
2026-10-05 04:55:00,28702.0,28708.5,28699.25,28703.0,232
2026-10-05 05:00:00,28703.0,28708.25,28701.5,28705.0,136
2026-10-05 05:05:00,28705.0,28714.5,28703.25,28711.5,111
2026-10-05 05:10:00,28711.5,28712.75,28709.0,28711.0,225
2026-10-05 05:15:00,28711.0,28713.0,28700.75,28704.75,505
2026-10-05 05:20:00,28704.75,28705.0,28700.75,28702.5,163
2026-10-05 05:25:00,28702.5,28705.0,28698.25,28699.25,225
2026-10-05 05:30:00,28699.25,28701.25,28696.0,28700.0,165
2026-10-05 05:35:00,28700.0,28700.25,28691.25,28696.0,308
2026-10-05 05:40:00,28696.0,28700.5,28693.0,28695.0,231
2026-10-05 05:45:00,28695.0,28696.0,28688.75,28689.5,261
2026-10-05 05:50:00,28689.5,28690.25,28684.75,28687.0,179
2026-10-05 05:55:00,28687.0,28689.25,28686.5,28688.0,452
2026-10-05 06:00:00,28688.0,28688.5,28676.75,28677.25,351
2026-10-05 06:05:00,28677.25,28680.75,28672.0,28674.0,131
2026-10-05 06:10:00,28674.0,28679.0,28671.0,28678.75,243
2026-10-05 06:15:00,28678.75,28679.5,28673.75,28679.5,225
2026-10-05 06:20:00,28679.5,28680.25,28677.5,28680.25,133
2026-10-05 06:25:00,28680.25,28685.0,28678.75,28682.25,209
2026-10-05 06:30:00,28682.25,28687.5,28678.25,28679.5,224
2026-10-05 06:35:00,28679.5,28682.25,28667.5,28669.5,272
2026-10-05 06:40:00,28669.5,28681.5,28667.0,28680.0,308
2026-10-05 06:45:00,28680.0,28684.0,28676.5,28683.0,405
2026-10-05 06:50:00,28683.0,28696.75,28681.0,28692.75,277
2026-10-05 06:55:00,28692.75,28701.0,28687.0,28699.75,336
2026-10-05 07:00:00,28699.75,28700.75,28697.75,28700.0,289
2026-10-05 07:05:00,28700.0,28707.25,28699.75,28702.5,210
2026-10-05 07:10:00,28702.5,28703.25,28687.0,28692.25,485
2026-10-05 07:15:00,28692.25,28696.0,28688.0,28689.0,326
2026-10-05 07:20:00,28689.0,28691.25,28680.25,28684.75,171
2026-10-05 07:25:00,28684.75,28688.5,28682.5,28686.0,317
2026-10-05 07:30:00,28686.0,28687.75,28678.0,28681.25,102
2026-10-05 07:35:00,28681.25,28683.25,28678.75,28680.25,122
2026-10-05 07:40:00,28680.25,28685.0,28679.25,28684.5,171
2026-10-05 07:45:00,28684.5,28689.25,28679.5,28685.25,120
2026-10-05 07:50:00,28685.25,28701.0,28685.0,28696.0,401
2026-10-05 07:55:00,28696.0,28704.75,28695.5,28704.25,421
2026-10-05 08:00:00,28704.25,28714.0,28703.0,28710.25,283
2026-10-05 08:05:00,28710.25,28716.25,28707.25,28714.75,380
2026-10-05 08:10:00,28714.75,28719.0,28714.25,28717.75,337
2026-10-05 08:15:00,28717.75,28720.75,28713.75,28719.0,172
2026-10-05 08:20:00,28719.0,28728.75,28715.0,28728.5,271
2026-10-05 08:25:00,28728.5,28731.5,28728.25,28731.25,221
2026-10-05 08:30:00,28731.25,28739.25,28729.25,28738.75,171
2026-10-05 08:35:00,28738.75,28741.25,28735.5,28741.0,266
2026-10-05 08:40:00,28741.0,28749.5,28738.0,28744.0,269
2026-10-05 08:45:00,28744.0,28745.25,28740.0,28741.75,216
2026-10-05 08:50:00,28741.75,28744.25,28735.75,28740.0,194
2026-10-05 08:55:00,28740.0,28745.5,28734.25,28735.0,243
2026-10-05 09:00:00,28735.0,28735.75,28725.5,28729.25,188
2026-10-05 09:05:00,28729.25,28731.25,28718.5,28721.75,256
2026-10-05 09:10:00,28721.75,28726.5,28714.75,28715.5,125
2026-10-05 09:15:00,28715.5,28721.0,28713.5,28714.75,156
2026-10-05 09:20:00,28714.75,28719.75,28714.0,28715.75,232
2026-10-05 09:25:00,28715.75,28718.25,28714.25,28717.5,244
2026-10-05 09:30:00,28717.5,28718.0,28693.0,28699.5,2111
2026-10-05 09:35:00,28699.5,28713.5,28691.75,28710.75,1274
2026-10-05 09:40:00,28710.75,28716.75,28709.25,28714.75,1864
2026-10-05 09:45:00,28714.75,28721.75,28695.75,28701.75,2319
2026-10-05 09:50:00,28701.75,28711.5,28690.75,28710.25,2029
2026-10-05 09:55:00,28710.25,28726.75,28708.75,28725.75,1675
2026-10-05 10:00:00,28725.75,28737.75,28711.0,28711.5,1040
2026-10-05 10:05:00,28711.5,28719.75,28700.25,28716.75,1140
2026-10-05 10:10:00,28716.75,28738.75,28712.75,28728.5,921
2026-10-05 10:15:00,28728.5,28751.25,28727.5,28739.75,1874
2026-10-05 10:20:00,28739.75,28753.75,28738.5,28745.75,1534
2026-10-05 10:25:00,28745.75,28750.75,28725.5,28725.75,1968
2026-10-05 10:30:00,28725.75,28728.25,28712.0,28714.25,1326
2026-10-05 10:35:00,28714.25,28719.0,28705.25,28717.25,1071
2026-10-05 10:40:00,28717.25,28722.0,28714.25,28721.0,1980
2026-10-05 10:45:00,28721.0,28726.5,28708.75,28715.25,799
2026-10-05 10:50:00,28715.25,28726.25,28708.0,28725.25,1282
2026-10-05 10:55:00,28725.25,28727.5,28720.25,28723.25,813
2026-10-05 11:00:00,28723.25,28739.0,28720.0,28735.25,606
2026-10-05 11:05:00,28735.25,28740.0,28735.0,28736.5,1703
2026-10-05 11:10:00,28736.5,28767.25,28732.75,28764.5,1643
2026-10-05 11:15:00,28764.5,28768.0,28758.0,28761.25,1647
2026-10-05 11:20:00,28761.25,28762.5,28744.5,28753.5,2416
2026-10-05 11:25:00,28753.5,28763.5,28750.0,28762.75,1653
2026-10-05 11:30:00,28762.75,28765.5,28746.25,28747.0,2225
2026-10-05 11:35:00,28747.0,28761.25,28746.75,28757.75,1553
2026-10-05 11:40:00,28757.75,28762.25,28743.75,28749.75,2076
2026-10-05 11:45:00,28749.75,28765.25,28747.0,28761.5,689
2026-10-05 11:50:00,28761.5,28768.25,28755.75,28764.25,1181
2026-10-05 11:55:00,28764.25,28770.75,28756.75,28769.0,1317
2026-10-05 12:00:00,28769.0,28786.0,28762.25,28776.25,1089
2026-10-05 12:05:00,28776.25,28791.75,28775.0,28791.25,1508
2026-10-05 12:10:00,28791.25,28804.75,28787.0,28799.0,1129
2026-10-05 12:15:00,28799.0,28803.0,28784.5,28785.5,1491
2026-10-05 12:20:00,28785.5,28791.75,28777.5,28791.0,951
2026-10-05 12:25:00,28791.0,28809.0,28784.75,28792.25,1677
2026-10-05 12:30:00,28792.25,28794.5,28780.0,28784.25,688
2026-10-05 12:35:00,28784.25,28785.75,28772.5,28779.25,1128
2026-10-05 12:40:00,28779.25,28781.0,28755.25,28755.75,943
2026-10-05 12:45:00,28755.75,28757.25,28740.0,28749.5,426
2026-10-05 12:50:00,28749.5,28754.5,28739.5,28746.0,1016
2026-10-05 12:55:00,28746.0,28752.25,28727.25,28732.75,796
2026-10-05 13:00:00,28732.75,28741.0,28732.75,28741.0,971
2026-10-05 13:05:00,28741.0,28758.25,28731.0,28755.25,1478
2026-10-05 13:10:00,28755.25,28770.75,28744.0,28763.25,1637
2026-10-05 13:15:00,28763.25,28778.25,28757.25,28771.25,1760
2026-10-05 13:20:00,28771.25,28781.5,28768.5,28777.0,993
2026-10-05 13:25:00,28777.0,28802.25,28777.0,28791.0,1285
2026-10-05 13:30:00,28791.0,28794.5,28759.75,28768.75,998
2026-10-05 13:35:00,28768.75,28775.75,28763.75,28775.25,1756
2026-10-05 13:40:00,28775.25,28777.5,28762.5,28763.75,1345
2026-10-05 13:45:00,28763.75,28765.5,28737.25,28746.5,1074
2026-10-05 13:50:00,28746.5,28752.5,28738.75,28739.5,943
2026-10-05 13:55:00,28739.5,28744.75,28706.75,28711.75,909
2026-10-05 14:00:00,28711.75,28714.75,28696.25,28696.5,842
2026-10-05 14:05:00,28696.5,28706.0,28690.25,28702.5,1589
2026-10-05 14:10:00,28702.5,28703.5,28692.25,28702.0,2098
2026-10-05 14:15:00,28702.0,28724.25,28698.0,28719.25,1468
2026-10-05 14:20:00,28719.25,28728.25,28710.75,28727.0,1751
2026-10-05 14:25:00,28727.0,28732.0,28718.5,28723.75,1872
2026-10-05 14:30:00,28723.75,28734.5,28713.75,28727.75,1105
2026-10-05 14:35:00,28727.75,28730.0,28718.75,28720.5,1279
2026-10-05 14:40:00,28720.5,28729.25,28720.0,28728.0,2402
2026-10-05 14:45:00,28728.0,28739.0,28715.0,28731.0,1415
2026-10-05 14:50:00,28731.0,28738.0,28715.25,28720.0,2601
2026-10-05 14:55:00,28720.0,28734.25,28711.0,28730.25,1538
2026-10-05 15:00:00,28730.25,28742.5,28724.25,28732.0,2521
2026-10-05 15:05:00,28732.0,28736.75,28725.0,28728.75,2811
2026-10-05 15:10:00,28728.75,28732.5,28717.75,28727.25,1490
2026-10-05 15:15:00,28727.25,28761.5,28727.25,28749.25,2926
2026-10-05 15:20:00,28749.25,28762.5,28737.75,28745.25,1600
2026-10-05 15:25:00,28745.25,28760.25,28734.25,28759.75,1967
2026-10-05 15:30:00,28759.75,28774.0,28742.5,28750.75,3506
2026-10-05 15:35:00,28750.75,28786.5,28749.75,28784.75,1236
2026-10-05 15:40:00,28784.75,28789.75,28753.5,28763.5,1309
2026-10-05 15:45:00,28763.5,28764.75,28761.0,28762.25,1321
2026-10-05 15:50:00,28762.25,28767.25,28746.0,28756.5,1447
2026-10-05 15:55:00,28756.5,28762.0,28746.5,28749.5,1899
2026-10-05 16:00:00,28749.5,28759.5,28746.0,28755.25,255
2026-10-05 16:05:00,28755.25,28758.25,28753.75,28755.0,303
2026-10-05 16:10:00,28755.0,28755.75,28750.0,28752.5,319
2026-10-05 16:15:00,28752.5,28766.0,28750.25,28763.0,190
2026-10-05 16:20:00,28763.0,28763.75,28759.75,28763.5,279
2026-10-05 16:25:00,28763.5,28768.0,28758.75,28763.75,176
2026-10-05 16:30:00,28763.75,28765.0,28757.25,28762.0,203
2026-10-05 16:35:00,28762.0,28767.75,28757.75,28764.25,558
2026-10-05 16:40:00,28764.25,28777.75,28762.5,28776.5,210
2026-10-05 16:45:00,28776.5,28782.0,28774.25,28780.5,174
2026-10-05 16:50:00,28780.5,28783.75,28775.5,28777.75,337
2026-10-05 16:55:00,28777.75,28779.75,28772.0,28776.0,215
2026-10-05 18:00:00,28776.0,28779.75,28773.75,28779.75,134
2026-10-05 18:05:00,28779.75,28787.5,28779.25,28785.5,253
2026-10-05 18:10:00,28785.5,28793.25,28785.0,28789.5,206
2026-10-05 18:15:00,28789.5,28790.25,28786.25,28786.75,290
2026-10-05 18:20:00,28786.75,28790.25,28784.5,28789.75,243
2026-10-05 18:25:00,28789.75,28794.25,28783.25,28784.25,162
2026-10-05 18:30:00,28784.25,28787.25,28783.75,28786.25,148
2026-10-05 18:35:00,28786.25,28790.25,28785.0,28786.5,122
2026-10-05 18:40:00,28786.5,28787.75,28785.25,28787.0,230
2026-10-05 18:45:00,28787.0,28790.75,28786.0,28789.0,293
2026-10-05 18:50:00,28789.0,28790.5,28788.0,28790.5,266
2026-10-05 18:55:00,28790.5,28795.0,28783.0,28784.75,193
2026-10-05 19:00:00,28784.75,28797.0,28779.0,28795.0,156
2026-10-05 19:05:00,28795.0,28797.75,28789.5,28794.75,172
2026-10-05 19:10:00,28794.75,28795.0,28792.0,28794.25,793
2026-10-05 19:15:00,28794.25,28807.0,28793.75,28804.0,268
2026-10-05 19:20:00,28804.0,28807.75,28800.5,28802.75,155
2026-10-05 19:25:00,28802.75,28805.25,28789.75,28794.5,223
2026-10-05 19:30:00,28794.5,28797.75,28790.0,28793.75,124
2026-10-05 19:35:00,28793.75,28798.0,28792.5,28797.25,276
2026-10-05 19:40:00,28797.25,28801.0,28797.25,28799.75,155
2026-10-05 19:45:00,28799.75,28806.5,28794.75,28803.25,324
2026-10-05 19:50:00,28803.25,28806.5,28798.75,28805.25,325
2026-10-05 19:55:00,28805.25,28808.75,28802.5,28806.75,140
2026-10-05 20:00:00,28806.75,28807.0,28803.75,28806.5,192
2026-10-05 20:05:00,28806.5,28808.5,28796.25,28799.75,188
2026-10-05 20:10:00,28799.75,28805.0,28794.75,28795.0,238
2026-10-05 20:15:00,28795.0,28801.5,28790.0,28798.25,282
2026-10-05 20:20:00,28798.25,28803.25,28792.5,28799.0,202
2026-10-05 20:25:00,28799.0,28799.25,28792.25,28794.25,151
2026-10-05 20:30:00,28794.25,28800.0,28791.75,28793.25,156
2026-10-05 20:35:00,28793.25,28811.25,28791.0,28808.25,209
2026-10-05 20:40:00,28808.25,28815.25,28808.0,28812.5,206
2026-10-05 20:45:00,28812.5,28820.75,28810.25,28819.75,242
2026-10-05 20:50:00,28819.75,28822.25,28819.5,28821.25,185
2026-10-05 20:55:00,28821.25,28837.0,28820.75,28832.5,249
2026-10-05 21:00:00,28832.5,28839.5,28828.25,28837.0,144
2026-10-05 21:05:00,28837.0,28839.5,28834.75,28836.5,256
2026-10-05 21:10:00,28836.5,28837.5,28830.75,28831.5,308
2026-10-05 21:15:00,28831.5,28847.5,28824.0,28841.5,282
2026-10-05 21:20:00,28841.5,28843.5,28832.25,28836.5,291
2026-10-05 21:25:00,28836.5,28838.0,28834.25,28837.0,118
2026-10-05 21:30:00,28837.0,28849.0,28836.75,28843.5,130
2026-10-05 21:35:00,28843.5,28850.75,28842.75,28846.25,356
2026-10-05 21:40:00,28846.25,28850.25,28845.25,28849.25,208
2026-10-05 21:45:00,28849.25,28851.5,28843.0,28847.0,169
2026-10-05 21:50:00,28847.0,28848.25,28841.25,28842.25,141
2026-10-05 21:55:00,28842.25,28850.5,28840.0,28850.0,308
2026-10-05 22:00:00,28850.0,28856.25,28847.25,28855.0,203
2026-10-05 22:05:00,28855.0,28874.0,28852.0,28872.5,238
2026-10-05 22:10:00,28872.5,28886.0,28872.0,28881.75,198
2026-10-05 22:15:00,28881.75,28881.75,28874.5,28877.75,384
2026-10-05 22:20:00,28877.75,28878.25,28873.5,28874.75,274
2026-10-05 22:25:00,28874.75,28877.25,28865.25,28868.5,180
2026-10-05 22:30:00,28868.5,28874.25,28865.75,28873.25,246
2026-10-05 22:35:00,28873.25,28877.0,28871.25,28876.25,229
2026-10-05 22:40:00,28876.25,28878.0,28868.25,28870.25,355
2026-10-05 22:45:00,28870.25,28878.75,28868.5,28875.0,165
2026-10-05 22:50:00,28875.0,28875.75,28867.75,28869.5,188
2026-10-05 22:55:00,28869.5,28871.0,28868.75,28870.5,243
2026-10-05 23:00:00,28870.5,28887.0,28869.0,28883.75,176
2026-10-05 23:05:00,28883.75,28884.0,28881.0,28881.5,243
2026-10-05 23:10:00,28881.5,28885.25,28878.25,28879.5,168
2026-10-05 23:15:00,28879.5,28888.0,28878.75,28884.0,167
2026-10-05 23:20:00,28884.0,28884.25,28879.5,28880.0,291
2026-10-05 23:25:00,28880.0,28884.75,28878.25,28880.5,269
2026-10-05 23:30:00,28880.5,28888.5,28879.5,28886.5,220
2026-10-05 23:35:00,28886.5,28893.0,28882.5,28892.75,280
2026-10-05 23:40:00,28892.75,28902.75,28892.5,28898.0,115
2026-10-05 23:45:00,28898.0,28906.25,28891.75,28904.25,252
2026-10-05 23:50:00,28904.25,28911.0,28902.0,28909.0,139
2026-10-05 23:55:00,28909.0,28909.0,28905.25,28906.0,169
2026-10-06 00:00:00,28906.0,28910.5,28905.0,28909.25,232
2026-10-06 00:05:00,28909.25,28913.5,28905.0,28907.5,237
2026-10-06 00:10:00,28907.5,28909.75,28897.75,28903.0,297
2026-10-06 00:15:00,28903.0,28906.25,28897.75,28898.0,221
2026-10-06 00:20:00,28898.0,28902.75,28896.5,28899.75,227
2026-10-06 00:25:00,28899.75,28902.25,28897.75,28901.5,138
2026-10-06 00:30:00,28901.5,28902.5,28899.5,28902.5,156
2026-10-06 00:35:00,28902.5,28906.25,28899.0,28904.75,212
2026-10-06 00:40:00,28904.75,28907.5,28900.5,28902.5,241
2026-10-06 00:45:00,28902.5,28904.75,28902.25,28904.75,136
2026-10-06 00:50:00,28904.75,28907.25,28902.0,28903.25,270
2026-10-06 00:55:00,28903.25,28904.25,28897.25,28902.25,216
2026-10-06 01:00:00,28902.25,28903.75,28896.25,28900.0,282
2026-10-06 01:05:00,28900.0,28902.5,28888.75,28892.0,214
2026-10-06 01:10:00,28892.0,28901.75,28891.5,28900.75,347
2026-10-06 01:15:00,28900.75,28902.25,28895.25,28896.0,329
2026-10-06 01:20:00,28896.0,28898.0,28895.0,28895.25,240
2026-10-06 01:25:00,28895.25,28896.5,28891.25,28893.5,256
2026-10-06 01:30:00,28893.5,28899.0,28889.75,28892.25,295
2026-10-06 01:35:00,28892.25,28894.0,28890.75,28893.0,251
2026-10-06 01:40:00,28893.0,28894.5,28891.75,28894.0,150
2026-10-06 01:45:00,28894.0,28900.75,28893.25,28900.75,176
2026-10-06 01:50:00,28900.75,28903.75,28896.75,28903.25,102
2026-10-06 01:55:00,28903.25,28906.25,28901.5,28905.0,196
2026-10-06 02:00:00,28905.0,28917.5,28903.75,28914.5,185
2026-10-06 02:05:00,28914.5,28923.0,28913.5,28916.75,130
2026-10-06 02:10:00,28916.75,28919.0,28912.0,28912.25,250
2026-10-06 02:15:00,28912.25,28920.5,28908.75,28918.25,155
2026-10-06 02:20:00,28918.25,28925.5,28915.25,28922.5,192
2026-10-06 02:25:00,28922.5,28931.0,28921.75,28925.75,219
2026-10-06 02:30:00,28925.75,28933.75,28923.5,28932.0,283
2026-10-06 02:35:00,28932.0,28942.0,28926.25,28942.0,190
2026-10-06 02:40:00,28942.0,28943.0,28939.75,28940.75,127
2026-10-06 02:45:00,28940.75,28946.0,28930.5,28934.25,133
2026-10-06 02:50:00,28934.25,28936.25,28932.5,28932.75,243
2026-10-06 02:55:00,28932.75,28937.75,28922.5,28924.75,252
2026-10-06 03:00:00,28924.75,28925.0,28921.0,28923.5,261
2026-10-06 03:05:00,28923.5,28924.25,28919.5,28921.25,162
2026-10-06 03:10:00,28921.25,28921.5,28921.25,28921.25,234
2026-10-06 03:15:00,28921.25,28921.75,28905.25,28910.5,276
2026-10-06 03:20:00,28910.5,28912.75,28903.5,28904.75,295
2026-10-06 03:25:00,28904.75,28915.75,28902.0,28914.0,160
2026-10-06 03:30:00,28914.0,28922.0,28909.75,28921.5,147
2026-10-06 03:35:00,28921.5,28925.25,28920.5,28924.0,129
2026-10-06 03:40:00,28924.0,28936.0,28922.25,28935.25,201
2026-10-06 03:45:00,28935.25,28937.0,28927.5,28929.5,346
2026-10-06 03:50:00,28929.5,28936.25,28929.0,28934.5,248
2026-10-06 03:55:00,28934.5,28937.75,28930.0,28932.25,340
2026-10-06 04:00:00,28932.25,28937.25,28932.0,28933.5,137
2026-10-06 04:05:00,28933.5,28935.25,28922.25,28928.0,240
2026-10-06 04:10:00,28928.0,28928.75,28922.5,28925.5,232
2026-10-06 04:15:00,28925.5,28933.25,28924.75,28931.0,255
2026-10-06 04:20:00,28931.0,28937.25,28928.25,28931.75,240
2026-10-06 04:25:00,28931.75,28933.75,28926.0,28928.25,232
2026-10-06 04:30:00,28928.25,28934.25,28925.0,28931.25,435
2026-10-06 04:35:00,28931.25,28932.25,28922.5,28925.0,185
2026-10-06 04:40:00,28925.0,28925.5,28915.25,28918.25,210
2026-10-06 04:45:00,28918.25,28924.75,28917.5,28924.5,189
2026-10-06 04:50:00,28924.5,28928.75,28921.0,28926.75,148
2026-10-06 04:55:00,28926.75,28933.75,28925.25,28932.25,176
2026-10-06 05:00:00,28932.25,28937.0,28929.0,28935.75,216
2026-10-06 05:05:00,28935.75,28937.5,28930.25,28931.0,155
2026-10-06 05:10:00,28931.0,28933.0,28930.0,28932.25,184
2026-10-06 05:15:00,28932.25,28933.5,28927.25,28930.0,281
2026-10-06 05:20:00,28930.0,28930.75,28925.0,28925.25,348
2026-10-06 05:25:00,28925.25,28930.5,28923.5,28927.0,242
2026-10-06 05:30:00,28927.0,28928.75,28926.25,28926.75,226
2026-10-06 05:35:00,28926.75,28937.0,28925.0,28933.25,208
2026-10-06 05:40:00,28933.25,28936.0,28930.0,28931.75,233
2026-10-06 05:45:00,28931.75,28932.75,28927.75,28932.25,210
2026-10-06 05:50:00,28932.25,28935.5,28930.5,28934.0,525
2026-10-06 05:55:00,28934.0,28934.75,28928.0,28929.5,285
2026-10-06 06:00:00,28929.5,28932.0,28925.5,28925.75,386
2026-10-06 06:05:00,28925.75,28926.5,28924.0,28925.5,360
2026-10-06 06:10:00,28925.5,28936.25,28925.25,28932.25,302
2026-10-06 06:15:00,28932.25,28941.25,28930.5,28937.0,123
2026-10-06 06:20:00,28937.0,28939.5,28921.25,28925.25,150
2026-10-06 06:25:00,28925.25,28930.5,28924.5,28928.0,149
2026-10-06 06:30:00,28928.0,28935.5,28925.25,28931.75,94
2026-10-06 06:35:00,28931.75,28933.5,28920.75,28922.0,361
2026-10-06 06:40:00,28922.0,28925.25,28917.75,28920.25,329
2026-10-06 06:45:00,28920.25,28925.0,28917.5,28924.0,247
2026-10-06 06:50:00,28924.0,28926.5,28912.5,28913.75,206
2026-10-06 06:55:00,28913.75,28914.0,28908.0,28913.0,258
2026-10-06 07:00:00,28913.0,28913.5,28896.75,28898.5,206
2026-10-06 07:05:00,28898.5,28900.25,28892.75,28893.25,142
2026-10-06 07:10:00,28893.25,28895.75,28891.5,28891.75,336
2026-10-06 07:15:00,28891.75,28897.25,28888.25,28890.5,117
2026-10-06 07:20:00,28890.5,28892.75,28888.75,28890.75,249
2026-10-06 07:25:00,28890.75,28900.75,28886.0,28895.25,246
2026-10-06 07:30:00,28895.25,28900.5,28893.25,28893.75,308
2026-10-06 07:35:00,28893.75,28899.0,28876.75,28880.5,315
2026-10-06 07:40:00,28880.5,28881.75,28873.25,28879.0,205
2026-10-06 07:45:00,28879.0,28879.5,28877.25,28879.25,186
2026-10-06 07:50:00,28879.25,28883.5,28871.75,28875.25,274
2026-10-06 07:55:00,28875.25,28877.75,28873.75,28874.0,168
2026-10-06 08:00:00,28874.0,28877.25,28871.25,28876.25,154
2026-10-06 08:05:00,28876.25,28879.75,28868.5,28870.75,199
2026-10-06 08:10:00,28870.75,28876.5,28868.75,28870.25,206
2026-10-06 08:15:00,28870.25,28872.5,28867.5,28868.0,366
2026-10-06 08:20:00,28868.0,28878.0,28866.0,28876.5,121
2026-10-06 08:25:00,28876.5,28883.25,28870.5,28881.75,205
2026-10-06 08:30:00,28881.75,28884.75,28880.75,28883.5,226
2026-10-06 08:35:00,28883.5,28888.5,28883.25,28885.25,251
2026-10-06 08:40:00,28885.25,28888.25,28883.75,28884.5,252
2026-10-06 08:45:00,28884.5,28895.25,28884.5,28892.25,180
2026-10-06 08:50:00,28892.25,28901.25,28890.75,28899.25,286
2026-10-06 08:55:00,28899.25,28903.5,28885.5,28885.75,124
2026-10-06 09:00:00,28885.75,28886.25,28883.0,28883.75,267
2026-10-06 09:05:00,28883.75,28886.25,28877.75,28878.25,222
2026-10-06 09:10:00,28878.25,28882.75,28870.75,28871.0,523
2026-10-06 09:15:00,28871.0,28880.25,28867.75,28870.75,172
2026-10-06 09:20:00,28870.75,28877.0,28868.0,28872.25,249
2026-10-06 09:25:00,28872.25,28873.5,28860.25,28860.75,279
2026-10-06 09:30:00,28860.75,28886.75,28856.25,28882.0,1836
2026-10-06 09:35:00,28882.0,28910.0,28865.75,28897.75,1296
2026-10-06 09:40:00,28897.75,28902.5,28882.25,28884.25,1826
2026-10-06 09:45:00,28884.25,28900.25,28881.25,28898.0,1253
2026-10-06 09:50:00,28898.0,28905.5,28887.0,28902.75,1121
2026-10-06 09:55:00,28902.75,28904.5,28887.75,28894.25,1523
2026-10-06 10:00:00,28894.25,28938.5,28887.0,28917.75,933
2026-10-06 10:05:00,28917.75,28935.25,28915.0,28925.0,1281
2026-10-06 10:10:00,28925.0,28941.25,28911.0,28915.0,2764
2026-10-06 10:15:00,28915.0,28939.25,28913.5,28938.25,1505
2026-10-06 10:20:00,28938.25,28950.0,28919.75,28927.75,1753
2026-10-06 10:25:00,28927.75,28946.75,28926.25,28942.25,2092
2026-10-06 10:30:00,28942.25,28944.75,28937.5,28941.5,717
2026-10-06 10:35:00,28941.5,28957.0,28938.75,28955.25,1353
2026-10-06 10:40:00,28955.25,28957.5,28952.75,28953.5,2042
2026-10-06 10:45:00,28953.5,28959.0,28945.0,28950.25,849
2026-10-06 10:50:00,28950.25,28953.75,28942.75,28950.0,1271
2026-10-06 10:55:00,28950.0,28958.75,28945.75,28957.5,2648
2026-10-06 11:00:00,28957.5,28961.0,28943.0,28945.5,968
2026-10-06 11:05:00,28945.5,28951.75,28942.0,28946.75,1483
2026-10-06 11:10:00,28946.75,28953.75,28946.0,28952.0,2876
2026-10-06 11:15:00,28952.0,28953.0,28951.5,28952.5,1587
2026-10-06 11:20:00,28952.5,28968.5,28951.25,28961.25,784
2026-10-06 11:25:00,28961.25,28963.5,28954.75,28961.5,1863
2026-10-06 11:30:00,28961.5,28963.0,28933.25,28934.75,893
2026-10-06 11:35:00,28934.75,28939.5,28925.75,28930.0,1588
2026-10-06 11:40:00,28930.0,28937.0,28908.5,28914.5,2326
2026-10-06 11:45:00,28914.5,28915.25,28904.25,28910.25,1177
2026-10-06 11:50:00,28910.25,28913.5,28902.5,28910.25,913
2026-10-06 11:55:00,28910.25,28920.5,28898.0,28898.25,807
2026-10-06 12:00:00,28898.25,28900.5,28888.5,28898.0,1885
2026-10-06 12:05:00,28898.0,28917.75,28889.75,28915.5,1704
2026-10-06 12:10:00,28915.5,28923.75,28914.0,28916.75,878
2026-10-06 12:15:00,28916.75,28917.25,28906.75,28911.0,1471
2026-10-06 12:20:00,28911.0,28911.0,28905.75,28906.75,844
2026-10-06 12:25:00,28906.75,28914.25,28903.5,28904.5,620
2026-10-06 12:30:00,28904.5,28912.0,28889.25,28890.25,1488
2026-10-06 12:35:00,28890.25,28894.5,28884.25,28884.25,1654
2026-10-06 12:40:00,28884.25,28889.25,28873.5,28888.0,770
2026-10-06 12:45:00,28888.0,28898.75,28883.75,28891.5,1169
2026-10-06 12:50:00,28891.5,28896.0,28883.5,28891.25,1269
2026-10-06 12:55:00,28891.25,28894.75,28879.5,28887.0,1494
2026-10-06 13:00:00,28887.0,28918.25,28877.0,28910.0,507
2026-10-06 13:05:00,28910.0,28912.0,28879.25,28883.5,952
2026-10-06 13:10:00,28883.5,28884.0,28855.0,28857.0,1328
2026-10-06 13:15:00,28857.0,28866.25,28844.75,28845.0,1227
2026-10-06 13:20:00,28845.0,28848.5,28822.75,28827.5,1180
2026-10-06 13:25:00,28827.5,28842.75,28826.0,28837.0,1135
2026-10-06 13:30:00,28837.0,28839.75,28824.75,28839.5,1467
2026-10-06 13:35:00,28839.5,28842.5,28833.75,28842.0,978
2026-10-06 13:40:00,28842.0,28851.5,28838.0,28846.75,1052
2026-10-06 13:45:00,28846.75,28852.5,28835.75,28841.0,1099
2026-10-06 13:50:00,28841.0,28851.75,28839.0,28844.5,2051
2026-10-06 13:55:00,28844.5,28851.25,28840.25,28842.5,1386
2026-10-06 14:00:00,28842.5,28849.0,28829.0,28832.25,1164
2026-10-06 14:05:00,28832.25,28842.75,28819.75,28825.75,1202
2026-10-06 14:10:00,28825.75,28835.75,28814.25,28816.5,3621
2026-10-06 14:15:00,28816.5,28824.75,28806.0,28813.5,1415
2026-10-06 14:20:00,28813.5,28815.5,28808.0,28808.75,1549
2026-10-06 14:25:00,28808.75,28821.0,28802.5,28818.5,767
2026-10-06 14:30:00,28818.5,28826.75,28812.5,28824.5,2009
2026-10-06 14:35:00,28824.5,28833.25,28821.0,28828.75,1407
2026-10-06 14:40:00,28828.75,28848.25,28825.75,28845.25,1796
2026-10-06 14:45:00,28845.25,28852.0,28839.25,28839.75,2184
2026-10-06 14:50:00,28839.75,28856.0,28832.0,28853.5,1204
2026-10-06 14:55:00,28853.5,28858.5,28832.75,28840.25,1437
2026-10-06 15:00:00,28840.25,28857.5,28837.0,28844.0,2762
2026-10-06 15:05:00,28844.0,28845.0,28822.25,28834.0,2618
2026-10-06 15:10:00,28834.0,28865.75,28821.25,28850.5,1632
2026-10-06 15:15:00,28850.5,28868.25,28840.25,28868.0,2206
2026-10-06 15:20:00,28868.0,28881.25,28865.25,28876.5,4947
2026-10-06 15:25:00,28876.5,28881.75,28850.25,28855.0,1459
2026-10-06 15:30:00,28855.0,28856.75,28832.0,28846.25,2371
2026-10-06 15:35:00,28846.25,28848.0,28838.75,28842.0,3552
2026-10-06 15:40:00,28842.0,28850.5,28838.75,28847.0,681
2026-10-06 15:45:00,28847.0,28853.5,28842.0,28843.75,2110
2026-10-06 15:50:00,28843.75,28852.75,28834.25,28851.0,3422
2026-10-06 15:55:00,28851.0,28853.5,28841.75,28851.5,1685
2026-10-06 16:00:00,28851.5,28853.0,28850.0,28852.75,132
2026-10-06 16:05:00,28852.75,28858.5,28849.5,28857.75,147
2026-10-06 16:10:00,28857.75,28861.0,28849.25,28853.25,200
2026-10-06 16:15:00,28853.25,28859.75,28851.75,28857.0,286
2026-10-06 16:20:00,28857.0,28858.0,28856.25,28856.75,231
2026-10-06 16:25:00,28856.75,28865.25,28855.5,28863.25,516
2026-10-06 16:30:00,28863.25,28871.75,28860.25,28869.0,98
2026-10-06 16:35:00,28869.0,28870.0,28860.0,28862.25,289
2026-10-06 16:40:00,28862.25,28865.75,28861.75,28863.5,205
2026-10-06 16:45:00,28863.5,28873.5,28861.25,28871.25,223
2026-10-06 16:50:00,28871.25,28881.5,28869.0,28878.25,297
2026-10-06 16:55:00,28878.25,28881.25,28875.5,28880.0,174
2026-10-06 18:00:00,28880.0,28880.75,28877.25,28879.5,244
2026-10-06 18:05:00,28879.5,28884.25,28876.75,28878.75,156
2026-10-06 18:10:00,28878.75,28882.0,28876.5,28880.75,289
2026-10-06 18:15:00,28880.75,28881.5,28880.25,28881.0,180
2026-10-06 18:20:00,28881.0,28889.5,28879.0,28885.75,278
2026-10-06 18:25:00,28885.75,28897.5,28885.25,28892.5,237
2026-10-06 18:30:00,28892.5,28898.5,28892.25,28897.0,178
2026-10-06 18:35:00,28897.0,28904.0,28885.5,28886.5,177
2026-10-06 18:40:00,28886.5,28889.5,28886.0,28887.75,187
2026-10-06 18:45:00,28887.75,28890.25,28884.75,28890.0,376
2026-10-06 18:50:00,28890.0,28892.25,28889.0,28891.5,230
2026-10-06 18:55:00,28891.5,28891.75,28888.75,28889.25,312
2026-10-06 19:00:00,28889.25,28897.5,28885.0,28894.5,250
2026-10-06 19:05:00,28894.5,28900.5,28888.25,28892.0,248
2026-10-06 19:10:00,28892.0,28896.5,28892.0,28894.75,152
2026-10-06 19:15:00,28894.75,28900.5,28880.5,28881.5,296
2026-10-06 19:20:00,28881.5,28882.0,28875.25,28878.0,294
2026-10-06 19:25:00,28878.0,28879.5,28876.0,28877.75,562
2026-10-06 19:30:00,28877.75,28882.75,28871.25,28881.75,191
2026-10-06 19:35:00,28881.75,28888.25,28880.0,28884.75,194
2026-10-06 19:40:00,28884.75,28899.5,28882.25,28893.5,141
2026-10-06 19:45:00,28893.5,28903.0,28891.75,28901.0,197
2026-10-06 19:50:00,28901.0,28907.25,28898.25,28903.0,246
2026-10-06 19:55:00,28903.0,28904.5,28902.0,28904.25,233
2026-10-06 20:00:00,28904.25,28912.0,28902.5,28911.0,241
2026-10-06 20:05:00,28911.0,28913.5,28909.5,28912.5,180
2026-10-06 20:10:00,28912.5,28914.75,28906.75,28909.5,252
2026-10-06 20:15:00,28909.5,28912.5,28899.75,28906.5,121
2026-10-06 20:20:00,28906.5,28907.0,28903.25,28905.25,160
2026-10-06 20:25:00,28905.25,28909.0,28902.75,28906.25,224
2026-10-06 20:30:00,28906.25,28912.25,28905.5,28911.5,210
2026-10-06 20:35:00,28911.5,28915.5,28904.25,28907.25,232
2026-10-06 20:40:00,28907.25,28911.5,28906.5,28911.5,357
2026-10-06 20:45:00,28911.5,28913.25,28903.75,28906.75,384
2026-10-06 20:50:00,28906.75,28912.75,28905.0,28908.75,173
2026-10-06 20:55:00,28908.75,28915.5,28903.25,28912.25,267
2026-10-06 21:00:00,28912.25,28912.5,28898.0,28906.75,174
2026-10-06 21:05:00,28906.75,28917.5,28903.25,28914.0,240
2026-10-06 21:10:00,28914.0,28918.0,28904.5,28908.25,190
2026-10-06 21:15:00,28908.25,28909.0,28907.0,28908.25,318
2026-10-06 21:20:00,28908.25,28912.25,28907.25,28910.25,186
2026-10-06 21:25:00,28910.25,28912.5,28900.25,28902.0,242
2026-10-06 21:30:00,28902.0,28909.0,28897.25,28905.5,102
2026-10-06 21:35:00,28905.5,28911.5,28904.5,28910.0,242
2026-10-06 21:40:00,28910.0,28912.25,28904.75,28905.75,278
2026-10-06 21:45:00,28905.75,28915.75,28904.0,28912.0,360
2026-10-06 21:50:00,28912.0,28916.25,28910.75,28915.75,190
2026-10-06 21:55:00,28915.75,28918.0,28913.5,28914.25,149
2026-10-06 22:00:00,28914.25,28918.75,28910.75,28917.25,221
2026-10-06 22:05:00,28917.25,28926.5,28914.0,28921.0,306
2026-10-06 22:10:00,28921.0,28924.25,28910.75,28912.25,196
2026-10-06 22:15:00,28912.25,28913.5,28905.0,28905.25,186
2026-10-06 22:20:00,28905.25,28907.25,28902.75,28903.75,175
2026-10-06 22:25:00,28903.75,28905.75,28901.75,28903.25,624
2026-10-06 22:30:00,28903.25,28904.0,28896.75,28896.75,314
2026-10-06 22:35:00,28896.75,28900.25,28894.75,28897.5,271
2026-10-06 22:40:00,28897.5,28899.0,28887.0,28887.75,231
2026-10-06 22:45:00,28887.75,28892.75,28886.0,28888.25,528
2026-10-06 22:50:00,28888.25,28889.75,28881.25,28884.25,484
2026-10-06 22:55:00,28884.25,28893.75,28878.75,28890.75,299
2026-10-06 23:00:00,28890.75,28894.75,28886.75,28887.0,255
2026-10-06 23:05:00,28887.0,28889.25,28883.0,28883.25,118
2026-10-06 23:10:00,28883.25,28885.75,28879.75,28881.5,227
2026-10-06 23:15:00,28881.5,28892.75,28878.5,28889.25,169
2026-10-06 23:20:00,28889.25,28894.25,28884.0,28886.25,213
2026-10-06 23:25:00,28886.25,28889.75,28883.75,28885.5,444
2026-10-06 23:30:00,28885.5,28890.75,28883.5,28888.0,116
2026-10-06 23:35:00,28888.0,28892.0,28877.5,28879.5,191
2026-10-06 23:40:00,28879.5,28883.75,28871.0,28871.0,357
2026-10-06 23:45:00,28871.0,28872.75,28870.25,28872.5,300
2026-10-06 23:50:00,28872.5,28874.75,28870.5,28874.5,217
2026-10-06 23:55:00,28874.5,28880.75,28873.5,28876.75,376
2026-10-07 00:00:00,28876.75,28880.0,28876.5,28877.75,265
2026-10-07 00:05:00,28877.75,28885.25,28876.0,28883.25,266
2026-10-07 00:10:00,28883.25,28883.75,28879.25,28880.5,274
2026-10-07 00:15:00,28880.5,28884.0,28880.25,28880.75,422
2026-10-07 00:20:00,28880.75,28882.0,28874.0,28878.75,202
2026-10-07 00:25:00,28878.75,28887.75,28875.25,28887.75,180
2026-10-07 00:30:00,28887.75,28889.75,28885.75,28886.75,226
2026-10-07 00:35:00,28886.75,28889.0,28880.5,28885.75,105
2026-10-07 00:40:00,28885.75,28890.75,28882.0,28889.5,172
2026-10-07 00:45:00,28889.5,28892.5,28888.5,28892.0,468
2026-10-07 00:50:00,28892.0,28893.0,28888.0,28892.5,184
2026-10-07 00:55:00,28892.5,28897.25,28891.25,28897.0,186
2026-10-07 01:00:00,28897.0,28898.75,28893.5,28897.0,238
2026-10-07 01:05:00,28897.0,28897.75,28889.5,28891.5,199
2026-10-07 01:10:00,28891.5,28894.75,28885.25,28894.5,134
2026-10-07 01:15:00,28894.5,28904.5,28890.5,28903.75,206
2026-10-07 01:20:00,28903.75,28904.5,28898.5,28900.75,372
2026-10-07 01:25:00,28900.75,28907.25,28899.0,28906.25,173
2026-10-07 01:30:00,28906.25,28911.5,28901.5,28909.5,126
2026-10-07 01:35:00,28909.5,28918.5,28908.75,28917.5,303
2026-10-07 01:40:00,28917.5,28926.5,28917.5,28921.5,235
2026-10-07 01:45:00,28921.5,28924.0,28914.25,28921.0,421
2026-10-07 01:50:00,28921.0,28922.25,28912.0,28914.0,122
2026-10-07 01:55:00,28914.0,28915.5,28912.5,28914.5,186
2026-10-07 02:00:00,28914.5,28917.75,28908.25,28910.25,388
2026-10-07 02:05:00,28910.25,28911.75,28904.0,28907.75,250
2026-10-07 02:10:00,28907.75,28911.5,28897.0,28899.0,215
2026-10-07 02:15:00,28899.0,28902.25,28896.5,28901.25,292
2026-10-07 02:20:00,28901.25,28904.5,28899.75,28903.25,221
2026-10-07 02:25:00,28903.25,28904.0,28897.0,28897.75,241
2026-10-07 02:30:00,28897.75,28900.25,28894.75,28899.75,273
2026-10-07 02:35:00,28899.75,28907.5,28898.5,28904.75,193
2026-10-07 02:40:00,28904.75,28906.25,28902.5,28906.0,154
2026-10-07 02:45:00,28906.0,28907.0,28904.5,28906.5,138
2026-10-07 02:50:00,28906.5,28909.5,28905.0,28906.75,445
2026-10-07 02:55:00,28906.75,28909.25,28899.25,28902.75,230
2026-10-07 03:00:00,28902.75,28908.0,28902.25,28907.25,220
2026-10-07 03:05:00,28907.25,28918.0,28906.5,28916.5,252
2026-10-07 03:10:00,28916.5,28926.75,28914.5,28922.0,209
2026-10-07 03:15:00,28922.0,28926.25,28918.5,28924.25,182
2026-10-07 03:20:00,28924.25,28924.25,28915.75,28922.5,154
2026-10-07 03:25:00,28922.5,28923.75,28918.75,28919.25,186
2026-10-07 03:30:00,28919.25,28919.75,28912.75,28915.5,198
2026-10-07 03:35:00,28915.5,28921.0,28914.75,28920.5,217
2026-10-07 03:40:00,28920.5,28920.5,28918.25,28919.0,175
2026-10-07 03:45:00,28919.0,28921.0,28913.75,28914.5,208
2026-10-07 03:50:00,28914.5,28924.0,28910.75,28919.5,512
2026-10-07 03:55:00,28919.5,28923.5,28912.5,28915.0,193
2026-10-07 04:00:00,28915.0,28917.5,28914.25,28915.0,168
2026-10-07 04:05:00,28915.0,28926.25,28910.5,28918.75,274
2026-10-07 04:10:00,28918.75,28928.25,28917.0,28926.75,163
2026-10-07 04:15:00,28926.75,28928.75,28921.75,28924.25,179
2026-10-07 04:20:00,28924.25,28935.0,28924.25,28933.5,279
2026-10-07 04:25:00,28933.5,28941.75,28930.25,28939.0,145
2026-10-07 04:30:00,28939.0,28950.75,28935.25,28949.5,167
2026-10-07 04:35:00,28949.5,28952.75,28946.0,28952.0,240
2026-10-07 04:40:00,28952.0,28961.75,28948.75,28956.0,127
2026-10-07 04:45:00,28956.0,28971.5,28951.25,28971.0,334
2026-10-07 04:50:00,28971.0,28975.25,28968.75,28971.75,221
2026-10-07 04:55:00,28971.75,28973.0,28970.75,28971.0,214
2026-10-07 05:00:00,28971.0,28972.25,28967.0,28967.5,189
2026-10-07 05:05:00,28967.5,28970.0,28963.25,28965.0,176
2026-10-07 05:10:00,28965.0,28970.5,28963.25,28970.25,149
2026-10-07 05:15:00,28970.25,28972.75,28965.75,28969.75,263
2026-10-07 05:20:00,28969.75,28971.25,28962.25,28962.5,269
2026-10-07 05:25:00,28962.5,28967.75,28955.25,28960.0,204
2026-10-07 05:30:00,28960.0,28960.75,28957.0,28958.75,127
2026-10-07 05:35:00,28958.75,28964.25,28957.75,28959.5,103
2026-10-07 05:40:00,28959.5,28971.0,28958.75,28967.0,191
2026-10-07 05:45:00,28967.0,28969.25,28959.0,28962.25,457
2026-10-07 05:50:00,28962.25,28966.25,28960.75,28965.0,138
2026-10-07 05:55:00,28965.0,28968.25,28962.5,28965.25,163
2026-10-07 06:00:00,28965.25,28969.5,28956.75,28959.0,459
2026-10-07 06:05:00,28959.0,28963.25,28954.25,28955.5,252
2026-10-07 06:10:00,28955.5,28957.25,28950.0,28956.75,204
2026-10-07 06:15:00,28956.75,28967.75,28955.25,28965.75,213
2026-10-07 06:20:00,28965.75,28968.0,28948.25,28949.75,245
2026-10-07 06:25:00,28949.75,28955.0,28948.0,28954.0,196
2026-10-07 06:30:00,28954.0,28959.25,28952.75,28953.25,191
2026-10-07 06:35:00,28953.25,28972.0,28950.5,28965.5,187
2026-10-07 06:40:00,28965.5,28966.0,28960.0,28961.0,541
2026-10-07 06:45:00,28961.0,28966.25,28953.5,28955.75,234
2026-10-07 06:50:00,28955.75,28956.25,28946.5,28949.5,321
2026-10-07 06:55:00,28949.5,28951.25,28947.25,28949.5,369
2026-10-07 07:00:00,28949.5,28950.25,28940.25,28941.25,349
2026-10-07 07:05:00,28941.25,28947.75,28941.0,28946.5,171
2026-10-07 07:10:00,28946.5,28948.75,28942.75,28945.25,141
2026-10-07 07:15:00,28945.25,28949.0,28939.25,28941.5,241
2026-10-07 07:20:00,28941.5,28945.75,28941.0,28943.75,201
2026-10-07 07:25:00,28943.75,28945.0,28937.25,28938.0,104
2026-10-07 07:30:00,28938.0,28941.75,28930.75,28931.5,332
2026-10-07 07:35:00,28931.5,28933.75,28919.0,28925.75,264
2026-10-07 07:40:00,28925.75,28936.0,28921.5,28932.25,143
2026-10-07 07:45:00,28932.25,28934.0,28929.5,28929.5,319
2026-10-07 07:50:00,28929.5,28934.0,28926.5,28929.0,231
2026-10-07 07:55:00,28929.0,28934.25,28926.5,28934.25,231
2026-10-07 08:00:00,28934.25,28936.0,28926.25,28929.0,234
2026-10-07 08:05:00,28929.0,28930.25,28926.75,28928.5,348
2026-10-07 08:10:00,28928.5,28937.5,28928.5,28935.75,128
2026-10-07 08:15:00,28935.75,28936.0,28927.0,28927.5,197
2026-10-07 08:20:00,28927.5,28929.5,28922.25,28928.25,224
2026-10-07 08:25:00,28928.25,28931.0,28920.5,28924.5,271
2026-10-07 08:30:00,28924.5,28926.75,28914.75,28918.0,491
2026-10-07 08:35:00,28918.0,28922.5,28917.0,28918.75,262
2026-10-07 08:40:00,28918.75,28924.25,28895.25,28902.0,322
2026-10-07 08:45:00,28902.0,28906.5,28900.75,28904.25,132
2026-10-07 08:50:00,28904.25,28909.75,28899.75,28908.5,139
2026-10-07 08:55:00,28908.5,28912.0,28900.25,28901.5,370
2026-10-07 09:00:00,28901.5,28903.0,28900.0,28901.75,317
2026-10-07 09:05:00,28901.75,28906.0,28898.25,28904.0,110
2026-10-07 09:10:00,28904.0,28904.5,28900.0,28900.75,205
2026-10-07 09:15:00,28900.75,28910.5,28900.25,28907.5,367
2026-10-07 09:20:00,28907.5,28910.75,28898.0,28898.25,126
2026-10-07 09:25:00,28898.25,28902.75,28896.5,28901.75,323
2026-10-07 09:30:00,28901.75,28909.0,28890.5,28896.75,2671
2026-10-07 09:35:00,28896.75,28916.0,28894.75,28910.0,2671
2026-10-07 09:40:00,28910.0,28911.25,28904.75,28904.75,1107
2026-10-07 09:45:00,28904.75,28905.5,28864.25,28870.25,1310
2026-10-07 09:50:00,28870.25,28871.25,28862.75,28863.25,2372
2026-10-07 09:55:00,28863.25,28865.75,28834.5,28842.75,1381
2026-10-07 10:00:00,28842.75,28851.75,28786.25,28787.5,1479
2026-10-07 10:05:00,28787.5,28809.5,28777.0,28806.0,937
2026-10-07 10:10:00,28806.0,28814.5,28795.5,28799.0,1294
2026-10-07 10:15:00,28799.0,28800.25,28783.75,28787.0,1699
2026-10-07 10:20:00,28787.0,28802.75,28783.75,28800.25,1616
2026-10-07 10:25:00,28800.25,28825.25,28800.0,28812.25,2028
2026-10-07 10:30:00,28812.25,28812.5,28794.25,28797.0,2554
2026-10-07 10:35:00,28797.0,28804.0,28787.0,28799.0,1149
2026-10-07 10:40:00,28799.0,28809.75,28795.75,28807.25,795
2026-10-07 10:45:00,28807.25,28834.25,28796.5,28815.0,1732
2026-10-07 10:50:00,28815.0,28821.0,28795.5,28806.5,2182
2026-10-07 10:55:00,28806.5,28819.5,28802.25,28805.5,884
2026-10-07 11:00:00,28805.5,28828.75,28801.25,28821.5,846
2026-10-07 11:05:00,28821.5,28824.25,28817.0,28819.0,1230
2026-10-07 11:10:00,28819.0,28835.25,28812.5,28829.25,940
2026-10-07 11:15:00,28829.25,28840.5,28828.75,28840.25,850
2026-10-07 11:20:00,28840.25,28854.25,28834.75,28853.0,1336
2026-10-07 11:25:00,28853.0,28855.25,28848.5,28851.25,1410
2026-10-07 11:30:00,28851.25,28868.0,28846.0,28863.25,999
2026-10-07 11:35:00,28863.25,28865.75,28844.0,28846.75,944
2026-10-07 11:40:00,28846.75,28853.5,28837.5,28849.0,921
2026-10-07 11:45:00,28849.0,28850.5,28842.25,28843.25,759
2026-10-07 11:50:00,28843.25,28853.0,28838.25,28849.25,1037
2026-10-07 11:55:00,28849.25,28855.0,28846.0,28854.5,935
2026-10-07 12:00:00,28854.5,28856.0,28838.25,28847.5,690
2026-10-07 12:05:00,28847.5,28867.25,28838.5,28841.75,1056
2026-10-07 12:10:00,28841.75,28842.75,28836.5,28838.5,1229
2026-10-07 12:15:00,28838.5,28843.0,28821.75,28824.75,603
2026-10-07 12:20:00,28824.75,28831.25,28821.0,28824.5,947
2026-10-07 12:25:00,28824.5,28832.5,28816.0,28820.5,1298
2026-10-07 12:30:00,28820.5,28825.25,28820.5,28820.5,950
2026-10-07 12:35:00,28820.5,28838.5,28820.25,28832.25,1254
2026-10-07 12:40:00,28832.25,28842.75,28825.25,28836.75,612
2026-10-07 12:45:00,28836.75,28838.5,28833.0,28838.0,677
2026-10-07 12:50:00,28838.0,28851.5,28834.0,28842.25,1019
2026-10-07 12:55:00,28842.25,28848.0,28834.5,28843.0,1143
2026-10-07 13:00:00,28843.0,28844.75,28831.25,28835.0,1407
2026-10-07 13:05:00,28835.0,28837.25,28830.5,28834.75,1839
2026-10-07 13:10:00,28834.75,28837.0,28816.75,28817.75,866
2026-10-07 13:15:00,28817.75,28833.5,28811.75,28827.75,1190
2026-10-07 13:20:00,28827.75,28835.5,28817.25,28824.5,972
2026-10-07 13:25:00,28824.5,28834.25,28798.75,28800.75,1234
2026-10-07 13:30:00,28800.75,28813.25,28792.75,28804.75,1076
2026-10-07 13:35:00,28804.75,28807.5,28804.25,28804.5,1352
2026-10-07 13:40:00,28804.5,28817.0,28803.25,28815.0,1219
2026-10-07 13:45:00,28815.0,28822.5,28808.25,28821.75,1216
2026-10-07 13:50:00,28821.75,28838.75,28817.5,28830.0,1259
2026-10-07 13:55:00,28830.0,28838.25,28813.25,28823.5,1159
2026-10-07 14:00:00,28823.5,28828.25,28809.0,28814.5,1575
2026-10-07 14:05:00,28814.5,28821.25,28801.0,28806.5,1301
2026-10-07 14:10:00,28806.5,28813.25,28798.5,28800.75,2177
2026-10-07 14:15:00,28800.75,28807.25,28796.5,28805.25,1808
2026-10-07 14:20:00,28805.25,28807.25,28786.25,28792.25,948
2026-10-07 14:25:00,28792.25,28795.5,28784.5,28786.75,1177
2026-10-07 14:30:00,28786.75,28789.25,28784.0,28786.5,1520
2026-10-07 14:35:00,28786.5,28798.0,28783.0,28797.5,581
2026-10-07 14:40:00,28797.5,28802.75,28780.5,28786.0,787
2026-10-07 14:45:00,28786.0,28800.0,28777.0,28787.0,1116
2026-10-07 14:50:00,28787.0,28814.25,28779.25,28808.75,1519
2026-10-07 14:55:00,28808.75,28812.0,28800.0,28800.25,3052
2026-10-07 15:00:00,28800.25,28805.75,28788.25,28789.25,1613
2026-10-07 15:05:00,28789.25,28816.25,28789.25,28810.0,1646
2026-10-07 15:10:00,28810.0,28816.75,28788.5,28790.0,1310
2026-10-07 15:15:00,28790.0,28832.25,28782.75,28812.25,1387
2026-10-07 15:20:00,28812.25,28816.0,28811.25,28814.5,1538
2026-10-07 15:25:00,28814.5,28824.5,28791.25,28796.75,1625
2026-10-07 15:30:00,28796.75,28799.0,28788.5,28798.75,1508
2026-10-07 15:35:00,28798.75,28812.25,28780.75,28790.75,1200
2026-10-07 15:40:00,28790.75,28803.0,28783.75,28798.5,1237
2026-10-07 15:45:00,28798.5,28806.5,28777.5,28791.5,1865
2026-10-07 15:50:00,28791.5,28832.0,28788.5,28826.25,1313
2026-10-07 15:55:00,28826.25,28848.75,28818.5,28845.0,2002
2026-10-07 16:00:00,28845.0,28848.5,28839.75,28842.25,141
2026-10-07 16:05:00,28842.25,28843.0,28831.0,28833.0,274
2026-10-07 16:10:00,28833.0,28834.25,28819.0,28825.5,195
2026-10-07 16:15:00,28825.5,28830.0,28821.5,28828.5,202
2026-10-07 16:20:00,28828.5,28832.0,28827.5,28830.0,188
2026-10-07 16:25:00,28830.0,28832.75,28828.0,28829.5,130
2026-10-07 16:30:00,28829.5,28838.0,28826.0,28834.75,210
2026-10-07 16:35:00,28834.75,28837.0,28832.0,28833.75,235
2026-10-07 16:40:00,28833.75,28839.25,28831.75,28838.0,225
2026-10-07 16:45:00,28838.0,28840.75,28828.0,28833.5,296
2026-10-07 16:50:00,28833.5,28839.75,28833.5,28837.25,174
2026-10-07 16:55:00,28837.25,28846.5,28836.75,28846.5,217
2026-10-07 18:00:00,28846.5,28860.75,28844.25,28858.75,193
2026-10-07 18:05:00,28858.75,28860.0,28852.0,28852.75,182
2026-10-07 18:10:00,28852.75,28861.75,28850.5,28860.5,161
2026-10-07 18:15:00,28860.5,28861.75,28858.5,28859.75,165
2026-10-07 18:20:00,28859.75,28869.5,28857.75,28868.25,295
2026-10-07 18:25:00,28868.25,28870.25,28862.25,28865.0,161
2026-10-07 18:30:00,28865.0,28872.0,28862.0,28868.0,314
2026-10-07 18:35:00,28868.0,28874.75,28866.75,28871.25,117
2026-10-07 18:40:00,28871.25,28873.25,28866.0,28868.0,157
2026-10-07 18:45:00,28868.0,28876.75,28866.75,28874.0,140
2026-10-07 18:50:00,28874.0,28875.25,28861.5,28862.5,161
2026-10-07 18:55:00,28862.5,28863.0,28860.75,28862.5,206
2026-10-07 19:00:00,28862.5,28868.0,28858.75,28867.5,172
2026-10-07 19:05:00,28867.5,28868.25,28864.0,28866.5,273
2026-10-07 19:10:00,28866.5,28867.0,28862.25,28865.75,220
2026-10-07 19:15:00,28865.75,28866.0,28860.25,28865.0,290
2026-10-07 19:20:00,28865.0,28871.5,28851.5,28853.75,222
2026-10-07 19:25:00,28853.75,28858.25,28852.75,28857.25,362
2026-10-07 19:30:00,28857.25,28867.75,28853.25,28865.5,373
2026-10-07 19:35:00,28865.5,28875.25,28861.75,28873.75,201
2026-10-07 19:40:00,28873.75,28880.5,28868.0,28879.0,283
2026-10-07 19:45:00,28879.0,28881.0,28866.25,28870.0,125
2026-10-07 19:50:00,28870.0,28871.25,28866.75,28870.75,227
2026-10-07 19:55:00,28870.75,28871.0,28864.5,28865.0,216
2026-10-07 20:00:00,28865.0,28866.75,28858.25,28859.25,183
2026-10-07 20:05:00,28859.25,28861.75,28846.75,28848.5,235
2026-10-07 20:10:00,28848.5,28862.0,28847.0,28856.75,212
2026-10-07 20:15:00,28856.75,28858.75,28855.25,28857.25,178
2026-10-07 20:20:00,28857.25,28868.5,28851.75,28865.0,188
2026-10-07 20:25:00,28865.0,28865.5,28856.25,28864.25,123
2026-10-07 20:30:00,28864.25,28869.25,28861.5,28866.25,156
2026-10-07 20:35:00,28866.25,28872.5,28864.0,28867.25,284
2026-10-07 20:40:00,28867.25,28873.0,28866.75,28871.0,388
2026-10-07 20:45:00,28871.0,28873.0,28864.25,28864.75,181
2026-10-07 20:50:00,28864.75,28867.75,28864.5,28867.75,172
2026-10-07 20:55:00,28867.75,28868.0,28863.75,28864.0,157
2026-10-07 21:00:00,28864.0,28888.0,28862.25,28884.25,194
2026-10-07 21:05:00,28884.25,28889.75,28882.0,28889.0,212
2026-10-07 21:10:00,28889.0,28892.0,28880.5,28885.5,137
2026-10-07 21:15:00,28885.5,28886.5,28876.5,28881.75,259
2026-10-07 21:20:00,28881.75,28898.5,28880.25,28893.75,450
2026-10-07 21:25:00,28893.75,28896.25,28892.75,28894.5,228
2026-10-07 21:30:00,28894.5,28902.75,28893.5,28902.25,235
2026-10-07 21:35:00,28902.25,28903.0,28897.5,28898.25,257
2026-10-07 21:40:00,28898.25,28899.5,28896.0,28896.75,170
2026-10-07 21:45:00,28896.75,28904.75,28896.75,28902.75,144
2026-10-07 21:50:00,28902.75,28905.0,28898.25,28901.75,157
2026-10-07 21:55:00,28901.75,28903.25,28893.75,28895.25,301
2026-10-07 22:00:00,28895.25,28896.75,28892.25,28896.5,337
2026-10-07 22:05:00,28896.5,28907.5,28894.5,28904.0,161
2026-10-07 22:10:00,28904.0,28905.25,28901.0,28903.0,272
2026-10-07 22:15:00,28903.0,28908.25,28895.75,28899.0,226
2026-10-07 22:20:00,28899.0,28906.25,28896.5,28905.5,300
2026-10-07 22:25:00,28905.5,28905.5,28896.25,28899.0,383
2026-10-07 22:30:00,28899.0,28905.25,28898.0,28903.75,154
2026-10-07 22:35:00,28903.75,28912.5,28902.25,28910.5,222
2026-10-07 22:40:00,28910.5,28920.0,28907.75,28912.0,167
2026-10-07 22:45:00,28912.0,28916.25,28910.25,28910.75,378
2026-10-07 22:50:00,28910.75,28916.0,28905.75,28909.75,157
2026-10-07 22:55:00,28909.75,28912.5,28905.5,28906.75,150
2026-10-07 23:00:00,28906.75,28914.5,28904.0,28913.0,160
2026-10-07 23:05:00,28913.0,28915.75,28913.0,28914.75,298
2026-10-07 23:10:00,28914.75,28917.25,28905.75,28910.25,162
2026-10-07 23:15:00,28910.25,28918.0,28907.75,28914.75,455
2026-10-07 23:20:00,28914.75,28926.25,28910.75,28923.0,232
2026-10-07 23:25:00,28923.0,28925.75,28918.0,28920.5,237
2026-10-07 23:30:00,28920.5,28924.25,28916.0,28918.5,254
2026-10-07 23:35:00,28918.5,28925.5,28918.0,28925.0,210
2026-10-07 23:40:00,28925.0,28929.0,28921.5,28924.25,171
2026-10-07 23:45:00,28924.25,28933.0,28923.0,28932.25,294
2026-10-07 23:50:00,28932.25,28934.25,28927.25,28929.5,138
2026-10-07 23:55:00,28929.5,28929.75,28926.0,28929.25,274
2026-10-08 00:00:00,28929.25,28933.0,28925.25,28932.0,301
2026-10-08 00:05:00,28932.0,28935.75,28931.75,28935.25,146
2026-10-08 00:10:00,28935.25,28939.25,28933.5,28936.25,164
2026-10-08 00:15:00,28936.25,28942.25,28927.5,28931.5,265
2026-10-08 00:20:00,28931.5,28933.25,28930.5,28932.0,193
2026-10-08 00:25:00,28932.0,28941.0,28932.0,28939.25,445
2026-10-08 00:30:00,28939.25,28940.75,28932.0,28934.75,237
2026-10-08 00:35:00,28934.75,28935.5,28930.75,28931.0,229
2026-10-08 00:40:00,28931.0,28933.5,28921.5,28929.75,600
2026-10-08 00:45:00,28929.75,28933.5,28926.75,28933.25,205
2026-10-08 00:50:00,28933.25,28939.5,28932.75,28934.0,222
2026-10-08 00:55:00,28934.0,28937.25,28931.25,28935.0,151
2026-10-08 01:00:00,28935.0,28937.5,28926.0,28926.0,363
2026-10-08 01:05:00,28926.0,28926.25,28922.0,28924.75,262
2026-10-08 01:10:00,28924.75,28930.75,28922.5,28930.5,229
2026-10-08 01:15:00,28930.5,28933.5,28929.5,28929.75,211
2026-10-08 01:20:00,28929.75,28934.25,28926.75,28931.0,120
2026-10-08 01:25:00,28931.0,28934.0,28928.25,28932.0,168
2026-10-08 01:30:00,28932.0,28932.75,28925.75,28930.0,204
2026-10-08 01:35:00,28930.0,28937.25,28927.25,28936.5,118
2026-10-08 01:40:00,28936.5,28944.75,28935.75,28941.75,148
2026-10-08 01:45:00,28941.75,28945.25,28937.5,28938.25,142
2026-10-08 01:50:00,28938.25,28941.75,28937.0,28938.25,184
2026-10-08 01:55:00,28938.25,28943.25,28936.25,28943.0,349
2026-10-08 02:00:00,28943.0,28953.25,28940.0,28950.5,162
2026-10-08 02:05:00,28950.5,28953.25,28948.25,28953.0,179
2026-10-08 02:10:00,28953.0,28958.75,28951.5,28954.75,180
2026-10-08 02:15:00,28954.75,28956.25,28952.0,28952.25,113
2026-10-08 02:20:00,28952.25,28952.75,28947.25,28949.25,171
2026-10-08 02:25:00,28949.25,28953.0,28947.0,28949.75,257
2026-10-08 02:30:00,28949.75,28952.75,28946.75,28947.75,287
2026-10-08 02:35:00,28947.75,28957.25,28946.25,28950.0,114
2026-10-08 02:40:00,28950.0,28952.5,28945.75,28948.25,254
2026-10-08 02:45:00,28948.25,28962.75,28942.25,28958.5,214
2026-10-08 02:50:00,28958.5,28960.5,28958.25,28959.0,190
2026-10-08 02:55:00,28959.0,28967.0,28957.25,28965.5,281
2026-10-08 03:00:00,28965.5,28974.25,28963.75,28973.5,247
2026-10-08 03:05:00,28973.5,28978.0,28969.75,28970.0,230
2026-10-08 03:10:00,28970.0,28972.25,28958.0,28964.75,193
2026-10-08 03:15:00,28964.75,28966.75,28960.0,28961.25,299
2026-10-08 03:20:00,28961.25,28964.5,28954.0,28957.0,360
2026-10-08 03:25:00,28957.0,28958.5,28941.25,28946.75,224
2026-10-08 03:30:00,28946.75,28949.25,28943.75,28948.25,170
2026-10-08 03:35:00,28948.25,28948.5,28941.0,28943.5,150
2026-10-08 03:40:00,28943.5,28944.0,28929.75,28934.25,245
2026-10-08 03:45:00,28934.25,28937.5,28930.25,28933.0,209
2026-10-08 03:50:00,28933.0,28940.25,28932.25,28935.0,165
2026-10-08 03:55:00,28935.0,28946.25,28931.75,28945.25,300
2026-10-08 04:00:00,28945.25,28949.5,28928.75,28935.25,167
2026-10-08 04:05:00,28935.25,28936.0,28935.0,28935.5,276
2026-10-08 04:10:00,28935.5,28944.0,28933.5,28941.25,293
2026-10-08 04:15:00,28941.25,28945.5,28939.75,28944.5,203
2026-10-08 04:20:00,28944.5,28957.0,28943.25,28953.25,176
2026-10-08 04:25:00,28953.25,28959.75,28949.25,28950.75,270
2026-10-08 04:30:00,28950.75,28953.5,28945.25,28947.25,159
2026-10-08 04:35:00,28947.25,28947.75,28941.5,28944.25,224
2026-10-08 04:40:00,28944.25,28945.75,28942.0,28944.25,187
2026-10-08 04:45:00,28944.25,28945.75,28927.75,28936.0,388
2026-10-08 04:50:00,28936.0,28940.0,28935.5,28939.0,343
2026-10-08 04:55:00,28939.0,28940.75,28932.75,28935.75,233
2026-10-08 05:00:00,28935.75,28944.25,28931.75,28938.5,172
2026-10-08 05:05:00,28938.5,28941.5,28938.25,28941.0,235
2026-10-08 05:10:00,28941.0,28944.75,28936.25,28943.5,269
2026-10-08 05:15:00,28943.5,28944.0,28937.25,28939.5,293
2026-10-08 05:20:00,28939.5,28945.0,28937.75,28943.75,209
2026-10-08 05:25:00,28943.75,28949.5,28942.0,28946.5,100
2026-10-08 05:30:00,28946.5,28952.75,28945.75,28949.75,168
2026-10-08 05:35:00,28949.75,28959.0,28946.5,28957.25,182
2026-10-08 05:40:00,28957.25,28965.0,28957.0,28963.75,258
2026-10-08 05:45:00,28963.75,28963.75,28956.0,28959.0,405
2026-10-08 05:50:00,28959.0,28962.25,28951.5,28952.5,273
2026-10-08 05:55:00,28952.5,28953.25,28948.0,28950.5,314
2026-10-08 06:00:00,28950.5,28951.75,28937.75,28938.0,184
2026-10-08 06:05:00,28938.0,28941.5,28931.0,28937.0,158
2026-10-08 06:10:00,28937.0,28940.5,28934.5,28939.25,157
2026-10-08 06:15:00,28939.25,28942.5,28936.5,28938.5,296
2026-10-08 06:20:00,28938.5,28942.0,28929.75,28932.75,155
2026-10-08 06:25:00,28932.75,28943.25,28931.75,28941.75,210
2026-10-08 06:30:00,28941.75,28951.0,28941.5,28949.0,273
2026-10-08 06:35:00,28949.0,28950.75,28946.75,28950.0,232
2026-10-08 06:40:00,28950.0,28952.5,28944.0,28948.0,180
2026-10-08 06:45:00,28948.0,28954.25,28944.5,28951.25,83
2026-10-08 06:50:00,28951.25,28954.25,28948.0,28951.25,263
2026-10-08 06:55:00,28951.25,28954.75,28950.5,28952.5,254
2026-10-08 07:00:00,28952.5,28953.0,28946.75,28948.75,259
2026-10-08 07:05:00,28948.75,28957.5,28947.5,28952.5,218
2026-10-08 07:10:00,28952.5,28954.0,28949.75,28952.25,489
2026-10-08 07:15:00,28952.25,28959.25,28950.0,28958.5,335
2026-10-08 07:20:00,28958.5,28959.5,28954.25,28957.5,239
2026-10-08 07:25:00,28957.5,28961.25,28954.0,28958.25,585
2026-10-08 07:30:00,28958.25,28961.25,28956.25,28956.75,280
2026-10-08 07:35:00,28956.75,28962.5,28953.75,28959.0,130
2026-10-08 07:40:00,28959.0,28961.25,28958.0,28959.75,272
2026-10-08 07:45:00,28959.75,28966.25,28956.5,28962.75,249
2026-10-08 07:50:00,28962.75,28969.75,28962.25,28965.75,198
2026-10-08 07:55:00,28965.75,28966.0,28960.25,28965.75,201
2026-10-08 08:00:00,28965.75,28968.75,28956.5,28959.75,184
2026-10-08 08:05:00,28959.75,28959.75,28957.0,28957.5,428
2026-10-08 08:10:00,28957.5,28960.0,28951.0,28959.25,255
2026-10-08 08:15:00,28959.25,28964.75,28955.0,28960.25,195
2026-10-08 08:20:00,28960.25,28963.0,28954.75,28957.25,312
2026-10-08 08:25:00,28957.25,28960.75,28954.0,28959.0,339
2026-10-08 08:30:00,28959.0,28972.0,28958.25,28968.0,177
2026-10-08 08:35:00,28968.0,28969.5,28965.0,28965.5,166
2026-10-08 08:40:00,28965.5,28972.75,28963.5,28969.75,218
2026-10-08 08:45:00,28969.75,28972.5,28966.75,28969.25,337
2026-10-08 08:50:00,28969.25,28977.0,28967.75,28974.0,183
2026-10-08 08:55:00,28974.0,28979.75,28971.25,28979.5,263
2026-10-08 09:00:00,28979.5,28980.5,28969.5,28972.5,285
2026-10-08 09:05:00,28972.5,28973.5,28968.25,28971.25,330
2026-10-08 09:10:00,28971.25,28974.75,28970.0,28970.0,154
2026-10-08 09:15:00,28970.0,28971.0,28968.0,28969.0,190
2026-10-08 09:20:00,28969.0,28970.0,28963.0,28964.75,265
2026-10-08 09:25:00,28964.75,28965.75,28964.5,28964.5,225
